,experiment,total_time,alg_time,nr_of_hits,nr_of_evaluations,rss,uss,x1,x2,score
0,,0.6806802749633789,0.6704311370849609,0,100,97529856,94498816,-0.19145781029999998,0.6917818992000002,-0.9867896447309261
