,experiment,total_time,alg_time,nr_of_hits,nr_of_evaluations,rss,uss,x1,x2,score
0,,0.6515781879425049,0.6415398120880127,0,100,97746944,94609408,-0.0936064679000001,0.6486513093999998,-1.0007070916629333
