,experiment,total_time,alg_time,nr_of_hits,nr_of_evaluations,rss,uss,x1,x2,score
0,,0.23240327835083008,0.22115135192871094,0,100,70574080,67358720,-0.14579999999999993,-0.8063,-0.7082129759209055
