,experiment,total_time,alg_time,nr_of_hits,nr_of_evaluations,rss,uss,x1,x2,score
0,,0.41496825218200684,0.3929588794708252,0,100,70930432,64712704,-0.1701999999999999,0.5700000000000003,-0.8602559065991102
