,experiment,total_time,alg_time,nr_of_hits,nr_of_evaluations,rss,uss,x1,x2,score
0,,1.1323928833007812,1.119091510772705,0,100,98684928,65454080,0.06913232770000088,-0.6048855149000001,-0.9508022210724991
