,experiment,total_time,alg_time,nr_of_hits,nr_of_evaluations,rss,uss,x1,x2,score
0,,0.7283315658569336,0.7165019512176514,0,100,97841152,94699520,0.1208092792000005,-0.5208649518999999,-0.7957778629997752
