,experiment,total_time,alg_time,nr_of_hits,nr_of_evaluations,rss,uss,x1,x2,x3,x4,x5,x6,x7,x8,x9,x10,score
0,,50.05211281776428,48.616692543029785,0,10000,70811648,38715392,220,100,80,-40,60,-80,220,-320,20,0,57.90730396877069
