,experiment,total_time,alg_time,nr_of_hits,nr_of_evaluations,rss,uss,x1,x2,score
0,,0.8940789699554443,0.8820486068725586,0,100,98586624,65503232,0.13662225480000023,-0.7065405462,-1.0225935227233793
