,experiment,total_time,alg_time,nr_of_hits,nr_of_evaluations,rss,uss,x1,x2,x3,x4,x5,x6,x7,x8,x9,x10,score
0,,99.88434600830078,98.75505709648132,0,10000,98328576,66404352,-3.4812610256999807,-0.2333079989000088,9.255414421899932,25.529278953199984,1.9857332158999115,-3.3379401077000423,0.36152265729993704,-4.256134965800047,0.16767671600008857,-1.9325578619000163,0.5814025130699558
