,experiment,total_time,alg_time,nr_of_hits,nr_of_evaluations,rss,uss,x1,x2,score
0,,1.7481231689453125,1.7288217544555664,0,25,97132544,94072832,0.02152534719999974,0.24210841759999993,-0.21365799459386847
