,experiment,total_time,alg_time,nr_of_hits,nr_of_evaluations,rss,uss,x1,x2,score
0,,0.9154849052429199,0.9011249542236328,0,100,98652160,65572864,0.06285408770000026,-0.7054499290999998,-1.028548711761286
