,experiment,total_time,alg_time,nr_of_hits,nr_of_evaluations,rss,uss,x1,x2,x3,x4,x5,x6,x7,x8,x9,x10,score
0,,102.90210270881653,101.7550265789032,0,10000,98762752,67014656,3.3616331278000118,7.626151692499973,1.5046978357000045,2.7406051438999874,-0.1388803755999417,-1.303705925599981,-3.5546168667999956,-6.701866449600026,-1.3449453527999624,2.924182406800064,0.7568793227447792
