,experiment,total_time,alg_time,nr_of_hits,nr_of_evaluations,rss,uss,x1,x2,score
0,,0.5008001327514648,0.47544002532958984,0,100,70852608,64831488,-0.07889999999999997,0.8010000000000002,-0.9581759885833575
