,experiment,total_time,alg_time,nr_of_hits,nr_of_evaluations,rss,uss,x1,x2,score
0,,0.9799602031707764,0.9669899940490723,0,100,98652160,65503232,0.11917272370000015,-0.7161507041000004,-1.0282969582233696
