,experiment,total_time,alg_time,nr_of_hits,nr_of_evaluations,rss,uss,x1,x2,score
0,,0.24065876007080078,0.2296891212463379,0,100,70021120,66904064,-0.14369999999999994,-0.7566999999999999,-0.7884759030714342
