,experiment,total_time,alg_time,nr_of_hits,nr_of_evaluations,rss,uss,x1,x2,x3,x4,x5,x6,x7,x8,x9,x10,score
0,,50.15379571914673,48.7187602519989,0,10000,70578176,38854656,-280,160,-60,220,20,100,-80,20,-80,40,46.30006518836159
