,experiment,total_time,alg_time,nr_of_hits,nr_of_evaluations,rss,uss,x1,x2,score
0,,0.34844112396240234,0.3295586109161377,0,100,70365184,64323584,-0.12860000000000005,0.8103000000000002,-0.9405487765946625
