,experiment,total_time,alg_time,nr_of_hits,nr_of_evaluations,rss,uss,x1,x2,x3,x4,x5,x6,x7,x8,x9,x10,score
0,,108.75667262077332,107.57940459251404,0,10000,98308096,66826240,15.991210779400085,2.0465583744000577,-11.551591920100043,-6.5624128960002155,-8.914152596099864,7.208667054499876,8.58860944870004,0.4014511152999578,1.0602396571999222,5.516065867000013,1.167756281500355
