,experiment,total_time,alg_time,nr_of_hits,nr_of_evaluations,rss,uss,x1,x2,score
0,,0.6636197566986084,0.6536178588867188,0,100,97980416,94814208,1.7253923610999997,-0.8292481477,-0.1986601596885924
