,experiment,total_time,alg_time,nr_of_hits,nr_of_evaluations,rss,uss,x1,x2,score
0,,0.738062858581543,0.7230331897735596,0,100,98115584,94945280,-0.16629439809999963,-0.6413809551999996,-0.7529040840937423
