,experiment,total_time,alg_time,nr_of_hits,nr_of_evaluations,rss,uss,x1,x2,x3,x4,x5,x6,x7,x8,x9,x10,score
0,,50.99845576286316,49.52832913398743,0,10000,71008256,38772736,-80,100,-180,160,-20,60,140,200,160,220,53.99281685737779
