,experiment,total_time,alg_time,nr_of_hits,nr_of_evaluations,rss,uss,x1,x2,x3,x4,x5,x6,x7,x8,x9,x10,score
0,,111.26823258399963,110.08088207244873,0,10000,99016704,67067904,-3.371005463699926,6.049088721500018,9.298359472299833,1.7341165364999824,-2.2232982166998108,-1.652211191099994,19.4376528886,2.7255535282000167,0.568709443099837,3.012132577099988,0.4956516729395717
