,experiment,total_time,alg_time,nr_of_hits,nr_of_evaluations,rss,uss,x1,x2,score
0,,0.9785525798797607,0.9618093967437744,0,100,98721792,65568768,-0.02909242139999957,0.6941026857000002,-1.015481069341927
