,experiment,total_time,alg_time,nr_of_hits,nr_of_evaluations,rss,uss,x1,x2,x3,x4,x5,x6,x7,x8,x9,x10,score
0,,49.934380769729614,48.47483849525452,0,10000,70946816,39043072,-60,-120,-160,-120,160,-20,20,60,-160,280,48.98248554023626
