,experiment,total_time,alg_time,nr_of_hits,nr_of_evaluations,rss,uss,x1,x2,score
0,,1.1430799961090088,1.125814437866211,0,100,98889728,65716224,0.1327067099999999,-0.7262863096000002,-1.023565080034129
