,experiment,total_time,alg_time,nr_of_hits,nr_of_evaluations,rss,uss,x1,x2,score
0,,0.8698399066925049,0.8568415641784668,0,100,98848768,65695744,-0.1935165271999999,0.7860461369000005,-0.9496739089254924
