,experiment,total_time,alg_time,nr_of_hits,nr_of_evaluations,rss,uss,x1,x2,score
0,,1.178844690322876,1.1621108055114746,0,100,98705408,65482752,-0.011006937299999353,0.7438680195000001,-0.9963226640986427
