,experiment,total_time,alg_time,nr_of_hits,nr_of_evaluations,rss,uss,x1,x2,score
0,,0.8737649917602539,0.8617219924926758,0,100,98455552,65466368,-0.13633316610000012,0.7811603309000004,-0.9842882060214079
