,experiment,total_time,alg_time,nr_of_hits,nr_of_evaluations,rss,uss,x1,x2,x3,x4,x5,x6,x7,x8,x9,x10,score
0,,48.492440938949585,47.07721734046936,0,10000,70885376,38895616,40,100,100,80,60,-80,-120,140,-260,-80,37.50019159097435
