,experiment,total_time,alg_time,nr_of_hits,nr_of_evaluations,rss,uss,x1,x2,x3,x4,x5,x6,x7,x8,x9,x10,score
0,,193.3993113040924,191.74516034126282,0,10000,98775040,95678464,-0.43463157249997053,6.4156240770001025,8.50381152110015,-0.566421730699854,-1.395198091700021,5.499427584099992,-5.972699388100047,-1.9586551528001124,-4.083995207800068,0.597605376399855,0.7647066405712309
