,experiment,total_time,alg_time,nr_of_hits,nr_of_evaluations,rss,uss,x1,x2,score
0,,0.9240684509277344,0.9108386039733887,0,100,98332672,65376256,0.20442726910000017,-0.6269010880999998,-0.9188451114362801
