,experiment,total_time,alg_time,nr_of_hits,nr_of_evaluations,rss,uss,x1,x2,x3,x4,x5,x6,x7,x8,x9,x10,score
0,,154.48794531822205,153.11075162887573,0,10000,98807808,67031040,12.735449923400065,6.988624682400015,20.281298242100032,-9.587022898700004,-3.297597813199875,-0.05980181649991234,1.0067977280000688,0.9665303501999369,7.30489769900014,0.006182247099996374,0.8722895771591993
