,experiment,total_time,alg_time,nr_of_hits,nr_of_evaluations,rss,uss,x1,x2,x3,x4,x5,x6,x7,x8,x9,x10,score
0,,106.59414076805115,105.42718958854675,0,10000,98676736,66920448,-13.630528620499994,0.31911603659995796,2.309828941300023,1.7216996262000381,0.020109228200045237,-0.5113356705000651,-1.8949893071999435,0.8140943897000188,0.35810542689998703,-2.3975458299998347,0.7613664917583148
