,experiment,total_time,alg_time,nr_of_hits,nr_of_evaluations,rss,uss,x1,x2,x3,x4,x5,x6,x7,x8,x9,x10,score
0,,91.54594421386719,90.35023355484009,0,10000,98451456,95395840,-5.204127700600006,-0.1272631709000498,-2.6661435833000358,0.8400215808999623,2.005495623599998,1.9414186776999962,0.5185701730000144,-4.714739598099989,1.1234242130000087,4.3330959334999815,0.8319931811484829
