,experiment,total_time,alg_time,nr_of_hits,nr_of_evaluations,rss,uss,x1,x2,score
0,,1.3652451038360596,1.3468308448791504,0,100,98643968,65912832,-0.006109363499999361,0.7121522145999999,-1.0039963954871154
