,experiment,total_time,alg_time,nr_of_hits,nr_of_evaluations,rss,uss,x1,x2,score
0,,0.3755655288696289,0.3587799072265625,0,100,70733824,64630784,-0.3028999999999997,0.6504000000000003,-0.8237288164561364
