,experiment,total_time,alg_time,nr_of_hits,nr_of_evaluations,rss,uss,x1,x2,x3,x4,x5,x6,x7,x8,x9,x10,score
0,,162.21976971626282,160.76832127571106,0,10000,98799616,66211840,-11.724333637800036,-3.6737898409999694,7.270731566400179,3.949037309900131,0.3330118717999553,-0.5466151069998926,-1.3313238973999528,-7.013074247799829,3.053588929499922,5.657754847499991,1.0419201079763023
