,experiment,total_time,alg_time,nr_of_hits,nr_of_evaluations,rss,uss,x1,x2,score
0,,0.7730779647827148,0.7608139514923096,0,100,98025472,94863360,0.010087629800000109,0.5334998074999999,-0.8086605774043463
