,experiment,total_time,alg_time,nr_of_hits,nr_of_evaluations,rss,uss,x1,x2,score
0,,1.5134098529815674,1.4936540126800537,0,100,98775040,65552384,-0.037182620099999716,0.7320039612,-1.0165565513410915
