,experiment,total_time,alg_time,nr_of_hits,nr_of_evaluations,rss,uss,x1,x2,x3,x4,x5,x6,x7,x8,x9,x10,score
0,,113.50614047050476,112.32786273956299,0,10000,98578432,95424512,-6.122299969800025,-1.6250641765999703,2.8226949920999385,7.612311833699794,-1.3824666911999977,12.38935812089997,6.206732355799877,-11.899034681100026,6.714786348600109,-3.437611716300103,1.1224490512440912
