,experiment,total_time,alg_time,nr_of_hits,nr_of_evaluations,rss,uss,x1,x2,score
0,,0.8860960006713867,0.8738934993743896,0,100,98955264,65884160,0.06484045710000036,-0.5005384435,-0.766751402725046
