,experiment,total_time,alg_time,nr_of_hits,nr_of_evaluations,rss,uss,x1,x2,x3,x4,x5,x6,x7,x8,x9,x10,score
0,,102.59760332107544,101.4715735912323,0,10000,98742272,66916352,5.57255757719998,0.8142821932999071,-10.599317574299931,-12.152154333200002,1.2238481847000564,0.7171460971002355,-3.119801482799959,0.7097682252002304,-0.2124674133999882,0.9372787200999175,0.5248288319249025
