,experiment,total_time,alg_time,nr_of_hits,nr_of_evaluations,rss,uss,x1,x2,score
0,,0.23114609718322754,0.22021198272705078,0,100,70569984,67346432,-0.00550000000000006,-0.6992,-0.9955388412543836
