,experiment,total_time,alg_time,nr_of_hits,nr_of_evaluations,rss,uss,x1,x2,score
0,,0.7018070220947266,0.691457986831665,0,100,98131968,94961664,0.30249057160000026,-0.7211165876999998,-0.867853900150559
