,experiment,total_time,alg_time,nr_of_hits,nr_of_evaluations,rss,uss,x1,x2,score
0,,0.44281935691833496,0.4225916862487793,0,100,71208960,65032192,0.13820000000000032,-0.6141999999999999,-0.9489707378880321
