,experiment,total_time,alg_time,nr_of_hits,nr_of_evaluations,rss,uss,x1,x2,score
0,,0.9026620388031006,0.8899021148681641,0,100,98504704,65486848,-0.1083898823999998,0.7524889403999999,-1.0173072901517677
