,experiment,total_time,alg_time,nr_of_hits,nr_of_evaluations,rss,uss,x1,x2,score
0,,0.9563794136047363,0.942774772644043,0,100,98660352,65544192,0.11220195780000031,-0.7541842196999999,-1.0156656242965907
