,experiment,total_time,alg_time,nr_of_hits,nr_of_evaluations,rss,uss,x1,x2,score
0,,0.8888587951660156,0.8768603801727295,0,100,98648064,65789952,-0.15132294610000058,0.7895944468,-0.9680174648630729
