,experiment,total_time,alg_time,nr_of_hits,nr_of_evaluations,rss,uss,x1,x2,score
0,,0.918766975402832,0.9053654670715332,0,100,98729984,65568768,0.08258342450000006,-0.7294658726000001,-1.028932377118109
