,experiment,total_time,alg_time,nr_of_hits,nr_of_evaluations,rss,uss,x1,x2,score
0,,0.23338723182678223,0.22248053550720215,0,100,70107136,66895872,0.11650000000000027,-0.8432999999999999,-0.865995898890324
