,experiment,total_time,alg_time,nr_of_hits,nr_of_evaluations,rss,uss,x1,x2,score
0,,0.35480618476867676,0.3376600742340088,0,100,70807552,64610304,-0.035399999999999654,-0.8249,-0.8355259363681782
