,experiment,total_time,alg_time,nr_of_hits,nr_of_evaluations,rss,uss,x1,x2,score
0,,0.9298138618469238,0.9177520275115967,0,100,98508800,65490944,0.20375905200000027,-0.7185990517999997,-0.9828722010320983
