,experiment,total_time,alg_time,nr_of_hits,nr_of_evaluations,rss,uss,x1,x2,score
0,,0.24479007720947266,0.23368096351623535,0,100,69812224,66727936,-0.2445999999999997,0.7347000000000001,-0.9415055076172134
