,experiment,total_time,alg_time,nr_of_hits,nr_of_evaluations,rss,uss,x1,x2,score
0,,0.23244690895080566,0.22150158882141113,0,100,69861376,66764800,-0.04820000000000002,-0.6183999999999998,-0.9056099103228575
