,experiment,total_time,alg_time,nr_of_hits,nr_of_evaluations,rss,uss,x1,x2,score
0,,0.25205278396606445,0.24019551277160645,0,100,70193152,67018752,0.052000000000000046,-0.5814999999999999,-0.9146456228631467
