,experiment,total_time,alg_time,nr_of_hits,nr_of_evaluations,rss,uss,x1,x2,score
0,,0.8951976299285889,0.8805484771728516,0,100,98541568,65728512,0.1248399347000005,-0.7031204932,-1.0258198834384318
