,experiment,total_time,alg_time,nr_of_hits,nr_of_evaluations,rss,uss,x1,x2,score
0,,0.906419038772583,0.8950557708740234,0,100,98693120,65454080,0.06469097160000017,-0.6954402845999996,-1.0272148082643815
