,experiment,total_time,alg_time,nr_of_hits,nr_of_evaluations,rss,uss,x1,x2,score
0,,0.6836214065551758,0.6715545654296875,0,100,97783808,94605312,-0.03056638670000006,0.7344212360000001,-1.0125117990396926
