,experiment,total_time,alg_time,nr_of_hits,nr_of_evaluations,rss,uss,x1,x2,x3,x4,x5,x6,x7,x8,x9,x10,score
0,,49.759061098098755,48.33661651611328,0,10000,71004160,38866944,120,120,180,40,140,-60,0,-320,60,60,49.60276238672224
