,experiment,total_time,alg_time,nr_of_hits,nr_of_evaluations,rss,uss,x1,x2,score
0,,0.9451479911804199,0.9317562580108643,0,100,98471936,65482752,-0.33804260860000035,0.6082933786999997,-0.7078844993938713
