,experiment,total_time,alg_time,nr_of_hits,nr_of_evaluations,rss,uss,x1,x2,score
0,,0.24178862571716309,0.23066067695617676,0,100,69951488,66834432,-0.16999999999999993,0.7627999999999999,-0.9890151419454843
