,experiment,total_time,alg_time,nr_of_hits,nr_of_evaluations,rss,uss,x1,x2,score
0,,0.9834160804748535,0.9674065113067627,0,100,98504704,65490944,-0.06428990350000008,0.7453627758000007,-1.0190722118585065
