,experiment,total_time,alg_time,nr_of_hits,nr_of_evaluations,rss,uss,x1,x2,score
0,,0.24003005027770996,0.2289905548095703,0,100,70152192,66977792,0.18320000000000025,-0.5478999999999998,-0.8087901133516641
