,experiment,total_time,alg_time,nr_of_hits,nr_of_evaluations,rss,uss,x1,x2,x3,x4,x5,x6,x7,x8,x9,x10,score
0,,120.8224356174469,119.32908201217651,0,10000,98709504,95621120,6.1131487757998855,-5.294531166000091,15.88469432100002,-9.110224177300044,-19.238727314199878,-19.806113612199944,0.07799211539995121,0.2220766050000338,-0.3670769717000597,3.8361780802999537,1.078881790250572
