,experiment,total_time,alg_time,nr_of_hits,nr_of_evaluations,rss,uss,x1,x2,score
0,,0.2862997055053711,0.2727811336517334,0,100,70582272,67366912,0.09650000000000025,-0.5423,-0.845667906649416
