,experiment,total_time,alg_time,nr_of_hits,nr_of_evaluations,rss,uss,x1,x2,score
0,,0.7061214447021484,0.6951849460601807,0,100,98250752,95166464,-0.03514382639999991,-0.7043613763,-0.9702488306371471
