,experiment,total_time,alg_time,nr_of_hits,nr_of_evaluations,rss,uss,x1,x2,score
0,,0.6679127216339111,0.6575765609741211,0,100,98156544,94990336,0.0325946693000006,-0.7790474781999996,-0.9754222689124081
