,experiment,total_time,alg_time,nr_of_hits,nr_of_evaluations,rss,uss,x1,x2,score
0,,0.48700737953186035,0.4588468074798584,0,100,70664192,64544768,0.1774,-0.5431999999999999,-0.804558724753969
