,experiment,total_time,alg_time,nr_of_hits,nr_of_evaluations,rss,uss,x1,x2,x3,x4,x5,x6,x7,x8,x9,x10,score
0,,97.86235761642456,96.558518409729,0,10000,98480128,95440896,-0.3167156109000062,-0.8591623612998713,1.2977899412000413,-14.262499617199937,-1.8572145130000361,-1.9440211361999857,-1.9781959654999968,-25.301957726699897,-1.71762223969999,-3.948968266099957,0.6694952298787165
