,experiment,total_time,alg_time,nr_of_hits,nr_of_evaluations,rss,uss,x1,x2,score
0,,1.031864881515503,1.0179147720336914,0,100,98959360,65769472,0.018046832600000007,-0.7534754474000002,-0.9939484774805425
