,experiment,total_time,alg_time,nr_of_hits,nr_of_evaluations,rss,uss,x1,x2,x3,x4,x5,x6,x7,x8,x9,x10,score
0,,118.56111550331116,117.37368249893188,0,10000,98787328,66809856,4.330983200000001,9.019953748099969,1.6314184925999728,0.8300197886998237,-0.5495900667001159,-20.750437598599998,17.399126636900125,15.217987650399944,-7.062830001699906,-2.032034424199834,1.2912463316243776
