,experiment,total_time,alg_time,nr_of_hits,nr_of_evaluations,rss,uss,x1,x2,score
0,,0.2521028518676758,0.240706205368042,0,100,69804032,66719744,0.19110000000000005,-0.607,-0.9034826336162896
