,experiment,total_time,alg_time,nr_of_hits,nr_of_evaluations,rss,uss,x1,x2,x3,x4,x5,x6,x7,x8,x9,x10,score
0,,168.33031153678894,166.81029415130615,0,10000,98795520,66740224,2.734094752000083,-6.391430223000037,1.4770591348000734,1.2728193848999698,-3.785503108800036,1.2327768350000319,-1.99510777810006,-5.089424061300015,-3.8263678250000517,0.7494124817999186,0.6454067146245238
