,experiment,total_time,alg_time,nr_of_hits,nr_of_evaluations,rss,uss,x1,x2,score
0,,0.9413900375366211,0.9289329051971436,0,100,98619392,65523712,-0.05687574190000004,0.7033216641000001,-1.026970500852767
