,experiment,total_time,alg_time,nr_of_hits,nr_of_evaluations,rss,uss,x1,x2,x3,x4,x5,x6,x7,x8,x9,x10,score
0,,138.31140875816345,137.04182720184326,0,10000,98553856,66363392,-2.7497095949000467,-0.6912055387998941,-0.07952820649998138,1.4651331564000278,-0.8107120577000622,-0.9604463958999854,-3.6033356117001065,-18.22245121719998,-4.183849665299997,0.8569383127999295,0.6956228068775531
