,experiment,total_time,alg_time,nr_of_hits,nr_of_evaluations,rss,uss,x1,x2,x3,x4,x5,x6,x7,x8,x9,x10,score
0,,131.23409795761108,129.94573736190796,0,10000,98856960,66408448,12.325959934100027,-0.383873662599892,-16.500118416199857,4.2111918477000065,-2.6696953660000275,15.809618369899813,19.44637290170008,-3.661885649800203,-0.4624285812000135,-11.137947796399958,1.210706304012634
