,experiment,total_time,alg_time,nr_of_hits,nr_of_evaluations,rss,uss,x1,x2,score
0,,0.6493499279022217,0.6396193504333496,0,100,98209792,95129600,0.15230551280000004,-0.7672042536999999,-0.9937858906299117
