,experiment,total_time,alg_time,nr_of_hits,nr_of_evaluations,rss,uss,x1,x2,score
0,,0.7018580436706543,0.6914656162261963,0,100,97792000,94650368,-0.02603337589999978,0.7153685795999997,-1.0153610197204053
