,experiment,total_time,alg_time,nr_of_hits,nr_of_evaluations,rss,uss,x1,x2,score
0,,0.7014057636260986,0.6905131340026855,0,100,97755136,94576640,-0.013238493999999434,0.6663299587000003,-0.9955742736998293
