,experiment,total_time,alg_time,nr_of_hits,nr_of_evaluations,rss,uss,x1,x2,score
0,,0.24402403831481934,0.23293161392211914,0,100,70131712,66899968,-0.18270000000000008,-0.6434,-0.7216519588579957
