,experiment,total_time,alg_time,nr_of_hits,nr_of_evaluations,rss,uss,x1,x2,score
0,,0.24473071098327637,0.23340654373168945,0,100,70148096,66957312,0.13580000000000014,-0.7322,-1.0211606024231263
