,experiment,total_time,alg_time,nr_of_hits,nr_of_evaluations,rss,uss,x1,x2,x3,x4,x5,x6,x7,x8,x9,x10,score
0,,121.77074718475342,120.62167549133301,0,10000,99004416,67063808,4.4812284434999565,0.8590314626000204,9.956805207100082,-1.8665330177999682,-1.8015954593001422,-1.7937159977000858,0.35601432719996673,0.46118708389999874,-0.8930987863999755,0.45784415900007236,0.8705185140076269
