,experiment,total_time,alg_time,nr_of_hits,nr_of_evaluations,rss,uss,x1,x2,score
0,,0.647672176361084,0.6370818614959717,0,100,97832960,94691328,-0.09687984620000016,-0.6634539308999998,-0.8840486029800523
