,experiment,total_time,alg_time,nr_of_hits,nr_of_evaluations,rss,uss,x1,x2,score
0,,0.3501887321472168,0.33399224281311035,0,100,70631424,64442368,-0.30859999999999976,-0.5664,-0.3345934613631884
