,experiment,total_time,alg_time,nr_of_hits,nr_of_evaluations,rss,uss,x1,x2,x3,x4,x5,x6,x7,x8,x9,x10,score
0,,113.36398506164551,111.98889946937561,0,10000,98676736,95502336,-2.501178558199986,0.7076605220999874,9.25173966799987,11.985912234099967,14.770060488400114,-3.7269272148998365,1.1552761024998581,0.30767869409995185,-6.275786298700091,-8.674389731600026,0.8559138664839954
