,experiment,total_time,alg_time,nr_of_hits,nr_of_evaluations,rss,uss,x1,x2,score
0,,0.7196533679962158,0.7096042633056641,0,100,97800192,94679040,0.004764983900000037,0.6676102597999998,-0.9849355711943923
