,experiment,total_time,alg_time,nr_of_hits,nr_of_evaluations,rss,uss,x1,x2,score
0,,0.9053881168365479,0.8923888206481934,0,100,98660352,65568768,0.03353164620000018,-0.7168278968000001,-1.0187751588756047
