,experiment,total_time,alg_time,nr_of_hits,nr_of_evaluations,rss,uss,x1,x2,x3,x4,x5,x6,x7,x8,x9,x10,score
0,,49.70872497558594,48.260205030441284,0,10000,70995968,38858752,-260,-60,20,-140,60,-40,140,160,220,100,51.00797178796899
