,experiment,total_time,alg_time,nr_of_hits,nr_of_evaluations,rss,uss,x1,x2,score
0,,0.38552355766296387,0.3680901527404785,0,100,70893568,64675840,-0.26049999999999995,0.7202999999999999,-0.9243449221682578
