,experiment,total_time,alg_time,nr_of_hits,nr_of_evaluations,rss,uss,x1,x2,score
0,,0.34029245376586914,0.32401347160339355,0,100,71229440,65028096,0.05380000000000029,-0.6521999999999999,-1.0012465568282194
