,experiment,total_time,alg_time,nr_of_hits,nr_of_evaluations,rss,uss,x1,x2,score
0,,0.6979482173919678,0.6862993240356445,0,100,97923072,94781440,-0.15714006839999972,0.7120926491,-1.0142014516721387
