,experiment,total_time,alg_time,nr_of_hits,nr_of_evaluations,rss,uss,x1,x2,x3,x4,x5,x6,x7,x8,x9,x10,score
0,,91.72653341293335,90.5296983718872,0,10000,98652160,95539200,-6.35410233710015,-8.199862964000284,1.2284238881999823,2.9770292976000903,0.2223129068000163,-1.4819132826999448,-23.623006872100046,-1.347569064800009,0.03647912269993303,1.131513881500008,0.8131169108754707
