,experiment,total_time,alg_time,nr_of_hits,nr_of_evaluations,rss,uss,x1,x2,x3,x4,x5,x6,x7,x8,x9,x10,score
0,,97.3190393447876,96.08072972297668,0,10000,98836480,95744000,2.5176513116000074,1.4606981845999183,-1.709412056900034,2.10664439339995,2.482821777899974,-10.553732543700015,-4.738785022399999,1.2019711963998816,4.514330009900034,-2.6109029990000083,0.9988681196486886
