,experiment,total_time,alg_time,nr_of_hits,nr_of_evaluations,rss,uss,x1,x2,score
0,,0.7382931709289551,0.7270157337188721,0,100,97935360,94760960,0.0080114283000004,0.7769826191,-0.9505021249358833
