,experiment,total_time,alg_time,nr_of_hits,nr_of_evaluations,rss,uss,x1,x2,score
0,,0.7170517444610596,0.7060472965240479,0,100,97423360,94363648,-0.1469769975999998,0.7225577456,-1.0188152168673823
