,experiment,total_time,alg_time,nr_of_hits,nr_of_evaluations,rss,uss,x1,x2,score
0,,0.700514554977417,0.6899948120117188,0,100,97796096,94613504,0.12544720180000063,-0.6422432231999999,-0.9874968342321191
