,experiment,total_time,alg_time,nr_of_hits,nr_of_evaluations,rss,uss,x1,x2,score
0,,0.2308056354522705,0.22007298469543457,0,100,70164480,66932736,0.15169999999999995,-0.6945999999999999,-1.013198021629198
