,experiment,total_time,alg_time,nr_of_hits,nr_of_evaluations,rss,uss,x1,x2,x3,x4,x5,x6,x7,x8,x9,x10,score
0,,50.108948707580566,48.64460897445679,0,10000,70893568,38940672,80,80,60,-100,20,40,120,-280,-60,-80,33.79970178284872
