,experiment,total_time,alg_time,nr_of_hits,nr_of_evaluations,rss,uss,x1,x2,score
0,,0.8921184539794922,0.8803355693817139,0,100,98381824,65458176,-0.039262273900000144,-0.6120885029999997,-0.9069587499743509
