,experiment,total_time,alg_time,nr_of_hits,nr_of_evaluations,rss,uss,x1,x2,score
0,,0.6470787525177002,0.6370375156402588,0,100,98091008,94920704,-0.12400493039999963,-0.7547583696000005,-0.8259825297900332
