,experiment,total_time,alg_time,nr_of_hits,nr_of_evaluations,rss,uss,x1,x2,score
0,,0.6565241813659668,0.645970344543457,0,100,97697792,94535680,0.059481783800000194,-0.7083456945000003,-1.0279953073630586
