,experiment,total_time,alg_time,nr_of_hits,nr_of_evaluations,rss,uss,x1,x2,x3,x4,x5,x6,x7,x8,x9,x10,score
0,,127.4456901550293,126.29879069328308,0,10000,98545664,95383552,4.28659502780004,15.676792088599864,-0.6672921970999397,4.01820023220013,2.348612608799963,1.7974700220001694,6.354953273000081,7.1552320179999525,-0.3123277551999335,3.5532204347999574,1.0994810221659606
