,experiment,total_time,alg_time,nr_of_hits,nr_of_evaluations,rss,uss,x1,x2,score
0,,0.6504499912261963,0.6389827728271484,0,100,97816576,94674944,0.02208749180000051,0.7061976777,-0.9824443319243932
