,experiment,total_time,alg_time,nr_of_hits,nr_of_evaluations,rss,uss,x1,x2,score
0,,1.0180387496948242,1.0042943954467773,0,100,98619392,65818624,-0.04072792730000026,0.6786375844999996,-1.0147846878544955
