,experiment,total_time,alg_time,nr_of_hits,nr_of_evaluations,rss,uss,x1,x2,score
0,,0.23135137557983398,0.22037982940673828,0,100,70512640,67289088,0.13359999999999994,-0.23729999999999984,-0.1735358882850878
