,experiment,total_time,alg_time,nr_of_hits,nr_of_evaluations,rss,uss,x1,x2,x3,x4,x5,x6,x7,x8,x9,x10,score
0,,176.63446497917175,175.063001871109,0,10000,98295808,66392064,3.0508873135998615,2.500013684400171,-1.7109925848998815,2.5275062639000003,13.452874143800013,-1.8162242030999671,-12.31001876019986,-0.8721372299998364,15.536269632499883,0.04118949430022134,1.145442313730521
