,experiment,total_time,alg_time,nr_of_hits,nr_of_evaluations,rss,uss,x1,x2,score
0,,0.6491038799285889,0.6378865242004395,0,100,98013184,94879744,0.00890160490000055,-0.6870844742999999,-1.0026822412388687
