,experiment,total_time,alg_time,nr_of_hits,nr_of_evaluations,rss,uss,x1,x2,score
0,,0.2432081699371338,0.23192381858825684,0,100,70213632,67039232,0.13050000000000006,-0.6953,-1.022126407812877
