,experiment,total_time,alg_time,nr_of_hits,nr_of_evaluations,rss,uss,x1,x2,score
0,,0.6526415348052979,0.6419253349304199,0,100,97652736,94617600,0.11710733880000003,-0.7162294326,-1.0287389108755516
