,experiment,total_time,alg_time,nr_of_hits,nr_of_evaluations,rss,uss,x1,x2,score
0,,0.7326428890228271,0.7221753597259521,0,100,97501184,94445568,0.048178228200000506,-0.7331313807999998,-1.0204282264682658
