,experiment,total_time,alg_time,nr_of_hits,nr_of_evaluations,rss,uss,x1,x2,x3,x4,x5,x6,x7,x8,x9,x10,score
0,,100.25811910629272,99.11745476722717,0,10000,98217984,65785856,9.662114681600023,11.472789947699884,-9.888715295000136,-0.3070080793000065,-1.29331883329996,-3.401520809300117,3.966904555800083,-6.861189656100082,6.206622256000022,-6.483518742799966,0.8934747115868259
