,experiment,total_time,alg_time,nr_of_hits,nr_of_evaluations,rss,uss,x1,x2,x3,x4,x5,x6,x7,x8,x9,x10,score
0,,109.0252435207367,107.83036780357361,0,10000,98361344,66064384,9.651551912600084,-6.4432349953999815,0.5687140073998156,-2.485197840300001,-2.2447665136000072,-0.80247560840005,1.9556475033999945,-1.5318827405000508,-0.030151103900046827,5.179360677500007,0.47717678946357756
