,experiment,total_time,alg_time,nr_of_hits,nr_of_evaluations,rss,uss,x1,x2,score
0,,0.7235138416290283,0.7122058868408203,0,100,97394688,94339072,-0.08785841259999948,0.7236963770000001,-1.0305777109073238
