,experiment,total_time,alg_time,nr_of_hits,nr_of_evaluations,rss,uss,x1,x2,x3,x4,x5,x6,x7,x8,x9,x10,score
0,,51.448524713516235,49.95386600494385,0,10000,70950912,39075840,-300,-60,20,80,140,160,180,40,20,180,54.10000434361078
