,experiment,total_time,alg_time,nr_of_hits,nr_of_evaluations,rss,uss,x1,x2,x3,x4,x5,x6,x7,x8,x9,x10,score
0,,112.18514108657837,110.81179475784302,0,10000,98787328,95649792,-12.33440644789997,-4.627921870900023,1.0441200484000834,12.294631115999936,2.8824989723999614,-0.07346563219997915,0.1888778448000119,-0.04743877699997412,-6.588709090199966,-3.450647586299983,0.7351227636824466
