,experiment,total_time,alg_time,nr_of_hits,nr_of_evaluations,rss,uss,x1,x2,x3,x4,x5,x6,x7,x8,x9,x10,score
0,,99.08465218544006,97.96623015403748,0,10000,98537472,66637824,6.626578117400074,-2.0985036964000106,-1.962625590699991,1.3934224256000376,-6.565301332899951,1.0434785752998972,3.993773115999982,-1.3611293216001858,4.951006823899837,-1.239105713400055,0.9739009820514949
