,experiment,total_time,alg_time,nr_of_hits,nr_of_evaluations,rss,uss,x1,x2,score
0,,0.9150650501251221,0.9011094570159912,0,100,98959360,65732608,-0.12837080329999961,0.7307203924000002,-1.0238446620218062
