,experiment,total_time,alg_time,nr_of_hits,nr_of_evaluations,rss,uss,x1,x2,score
0,,0.9776155948638916,0.9640958309173584,0,100,98635776,65818624,-0.16532531809999962,0.8451003179999999,-0.8484314458014802
