,experiment,total_time,alg_time,nr_of_hits,nr_of_evaluations,rss,uss,x1,x2,score
0,,0.6531627178192139,0.6421451568603516,0,100,97857536,94732288,0.04330673650000036,-0.6879555898999997,-1.0194433870110533
