,experiment,total_time,alg_time,nr_of_hits,nr_of_evaluations,rss,uss,x1,x2,score
0,,1.2214617729187012,1.20493483543396,0,100,98574336,65921024,0.11649063589999922,0.6399378869,-0.8388126704879622
