,experiment,total_time,alg_time,nr_of_hits,nr_of_evaluations,rss,uss,x1,x2,score
0,,0.24421977996826172,0.2326982021331787,0,100,70205440,66994176,-0.10029999999999983,-0.6519999999999999,-0.8721385887201833
