,experiment,total_time,alg_time,nr_of_hits,nr_of_evaluations,rss,uss,x1,x2,score
0,,0.8937032222747803,0.880176305770874,0,100,98553856,65585152,-0.05101115389999976,0.6899604834000003,-1.022506064308174
