,experiment,total_time,alg_time,nr_of_hits,nr_of_evaluations,rss,uss,x1,x2,x3,x4,x5,x6,x7,x8,x9,x10,score
0,,49.774569034576416,48.28873658180237,0,10000,71053312,38674432,-20,-120,-240,200,80,240,-140,-80,40,80,53.60034877527771
