,experiment,total_time,alg_time,nr_of_hits,nr_of_evaluations,rss,uss,x1,x2,score
0,,0.9462583065032959,0.9327495098114014,0,100,98783232,65482752,0.19784220429999994,-0.7359163837000001,-0.9853132732500555
