,experiment,total_time,alg_time,nr_of_hits,nr_of_evaluations,rss,uss,x1,x2,x3,x4,x5,x6,x7,x8,x9,x10,score
0,,118.42724680900574,117.32560515403748,0,10000,98406400,66834432,-5.777957187800047,-6.957619598700064,1.0591802204000107,1.496256351699981,-5.628881439500006,1.7674091359999604,2.4020139129999243,16.800126677799994,-2.527958418399958,7.2580454406000126,1.0152474521067623
