,experiment,total_time,alg_time,nr_of_hits,nr_of_evaluations,rss,uss,x1,x2,x3,x4,x5,x6,x7,x8,x9,x10,score
0,,106.25369167327881,105.11022567749023,0,10000,98480128,66588672,6.458201433500008,4.829698746700039,-7.4257972903000224,24.099462666000047,1.6228792074998961,-0.27472127110012945,-0.5319534843002671,-3.315905345299963,-0.3088945254999844,-3.927189252499974,0.7363587022407725
