,experiment,total_time,alg_time,nr_of_hits,nr_of_evaluations,rss,uss,x1,x2,x3,x4,x5,x6,x7,x8,x9,x10,score
0,,119.3477373123169,118.23680520057678,0,10000,98676736,66977792,-19.314958945399948,18.676360118100042,1.3009242072999834,-3.18458718729998,15.222186108099947,-1.0525332815999704,-4.468701026800032,-0.36058588050007634,4.408889606600032,4.608948259500001,0.9057076924601695
