,experiment,total_time,alg_time,nr_of_hits,nr_of_evaluations,rss,uss,x1,x2,score
0,,0.7104840278625488,0.6996128559112549,0,100,97800192,94674944,-0.19307965640000013,0.6889403653000006,-0.9842298656127928
