,experiment,total_time,alg_time,nr_of_hits,nr_of_evaluations,rss,uss,x1,x2,score
0,,0.23499035835266113,0.2237248420715332,0,100,70123520,66965504,0.11230000000000029,0.4416000000000002,-0.5282222511024134
