,experiment,total_time,alg_time,nr_of_hits,nr_of_evaluations,rss,uss,x1,x2,score
0,,1.1206951141357422,1.106933355331421,0,100,98881536,65667072,0.11437829680000045,-0.7031807710999998,-1.0283350817338568
