,experiment,total_time,alg_time,nr_of_hits,nr_of_evaluations,rss,uss,x1,x2,x3,x4,x5,x6,x7,x8,x9,x10,score
0,,94.98288607597351,93.7330801486969,0,10000,98775040,95637504,-0.4175669019999262,-13.065806105300016,0.7473260548000891,0.7901773108000469,2.134747067199939,2.4825602096999972,1.7474418962999883,-5.757557927800113,4.298127123700037,-5.000903110300162,0.6672364044261294
