,experiment,total_time,alg_time,nr_of_hits,nr_of_evaluations,rss,uss,x1,x2,x3,x4,x5,x6,x7,x8,x9,x10,score
0,,196.4132375717163,194.7130298614502,0,10000,98791424,95690752,-5.789936021699659,-7.927515094300034,10.294705260799985,-6.471659259699814,7.691568194599775,-1.4044738663999539,22.349990640799895,-13.605061070099628,7.93059850200032,-7.121466330300127,1.275951830791487
