,experiment,total_time,alg_time,nr_of_hits,nr_of_evaluations,rss,uss,x1,x2,score
0,,1.1285593509674072,1.111738681793213,0,100,98619392,65449984,0.02308280710000013,-0.7465336051999999,-1.001962567754425
