,experiment,total_time,alg_time,nr_of_hits,nr_of_evaluations,rss,uss,x1,x2,x3,x4,x5,x6,x7,x8,x9,x10,score
0,,227.5548894405365,225.5881791114807,0,10000,98750464,66703360,-18.739918308999943,5.783361789499921,0.6243014714000701,0.9893030824998963,-17.3691101839001,1.4186196361000003,4.934629167900082,-2.2406021645000047,-2.5306365502999397,3.4084756216999708,0.6277657191254449
