,experiment,total_time,alg_time,nr_of_hits,nr_of_evaluations,rss,uss,x1,x2,score
0,,0.6845128536224365,0.6742422580718994,0,100,98213888,95133696,0.10202422909999992,-0.5457658508999997,-0.8508309880479633
