,experiment,total_time,alg_time,nr_of_hits,nr_of_evaluations,rss,uss,x1,x2,score
0,,1.5586833953857422,1.5386192798614502,0,100,98627584,65462272,0.13315389869999988,-0.7027245229999998,-1.0231562645126346
