,experiment,total_time,alg_time,nr_of_hits,nr_of_evaluations,rss,uss,x1,x2,score
0,,0.2470097541809082,0.23484444618225098,0,100,70144000,66990080,-0.21709999999999985,0.5928,-0.8564836483981613
