,experiment,total_time,alg_time,nr_of_hits,nr_of_evaluations,rss,uss,x1,x2,score
0,,0.680239200592041,0.6696567535400391,0,100,97431552,94375936,0.11819753020000054,-0.7668950699999999,-1.0041052344249615
