,experiment,total_time,alg_time,nr_of_hits,nr_of_evaluations,rss,uss,x1,x2,x3,x4,x5,x6,x7,x8,x9,x10,score
0,,99.46443581581116,98.32101559638977,0,10000,98213888,65757184,-6.798330414700059,-23.962623905299886,8.138696169699921,-14.255863200200032,17.2040376710001,-17.876506949000017,-2.376433067499865,2.997023928699881,0.16874843639998538,-0.629841343099967,0.8831485477761702
