,experiment,total_time,alg_time,nr_of_hits,nr_of_evaluations,rss,uss,x1,x2,x3,x4,x5,x6,x7,x8,x9,x10,score
0,,106.68421840667725,105.26639771461487,0,10000,98455552,95404032,0.1988449869000133,13.175819977999938,1.1135328817999977,0.3988352515000557,17.429097690100022,17.770243528299922,4.181148621800094,5.430059333000064,-4.832395610100082,4.218610986300104,0.8154936389913725
