,experiment,total_time,alg_time,nr_of_hits,nr_of_evaluations,rss,uss,x1,x2,x3,x4,x5,x6,x7,x8,x9,x10,score
0,,119.48241257667542,118.34185814857483,0,10000,98795520,67031040,2.7515212033999896,5.8390055778999645,0.8534823421000306,-11.480895150200045,2.499812415899793,21.574970787899996,0.34993026060010735,-3.297895390099823,-5.395540474999933,-3.883114656199977,0.7152600414756085
