,experiment,total_time,alg_time,nr_of_hits,nr_of_evaluations,rss,uss,x1,x2,score
0,,0.6441750526428223,0.6338541507720947,0,100,98193408,95023104,-0.15894091099999977,0.7044869265000004,-1.012203038101017
