,experiment,total_time,alg_time,nr_of_hits,nr_of_evaluations,rss,uss,x1,x2,score
0,,0.3728909492492676,0.3523135185241699,0,100,70836224,64614400,-0.033399999999999874,0.5537000000000001,-0.8643944770368124
