,experiment,total_time,alg_time,nr_of_hits,nr_of_evaluations,rss,uss,x1,x2,score
0,,0.6669137477874756,0.6566667556762695,0,100,97722368,94679040,-0.06281267409999991,0.6613431444000003,-1.0101039869029942
