,experiment,total_time,alg_time,nr_of_hits,nr_of_evaluations,rss,uss,x1,x2,score
0,,0.657712459564209,0.6463899612426758,0,100,97873920,94728192,-0.20516343239999976,0.8174099243000004,-0.8899205075881437
