,experiment,total_time,alg_time,nr_of_hits,nr_of_evaluations,rss,uss,x1,x2,score
0,,0.26581525802612305,0.2539794445037842,0,100,70139904,66965504,0.11800000000000033,-0.42489999999999983,-0.5866297026350147
