,experiment,total_time,alg_time,nr_of_hits,nr_of_evaluations,rss,uss,x1,x2,score
0,,0.6247355937957764,0.6149592399597168,0,100,97734656,94687232,-0.027933744400000526,0.7105016731,-1.016634428739578
