,experiment,total_time,alg_time,nr_of_hits,nr_of_evaluations,rss,uss,x1,x2,score
0,,1.1127727031707764,1.0934998989105225,0,100,97828864,94724096,-0.1386779287999995,0.6844180885000005,-1.0147745975193743
