,experiment,total_time,alg_time,nr_of_hits,nr_of_evaluations,rss,uss,x1,x2,score
0,,0.6632628440856934,0.6532886028289795,0,100,97873920,94736384,-0.05438472889999932,0.7720172567999998,-0.9933013407469377
