,experiment,total_time,alg_time,nr_of_hits,nr_of_evaluations,rss,uss,x1,x2,x3,x4,x5,x6,x7,x8,x9,x10,score
0,,50.99923753738403,49.53790307044983,0,10000,70930432,38957056,-20,0,60,-160,-240,-40,180,-60,80,-280,53.384193232220156
