,experiment,total_time,alg_time,nr_of_hits,nr_of_evaluations,rss,uss,x1,x2,score
0,,0.9076249599456787,0.8945567607879639,0,100,98451456,65474560,-0.025867369999999733,0.6690513828000001,-1.003660485306797
