,experiment,total_time,alg_time,nr_of_hits,nr_of_evaluations,rss,uss,x1,x2,x3,x4,x5,x6,x7,x8,x9,x10,score
0,,100.42559337615967,99.11904764175415,0,10000,98467840,95420416,-3.0103403730000196,-10.742509259200073,8.715761665200013,-1.6192736733998316,-0.26638573400008037,1.5230171281999714,2.11162228139999,-2.129532404700075,-1.60728550009995,-2.3804424337000363,0.5937958023934453
