,experiment,total_time,alg_time,nr_of_hits,nr_of_evaluations,rss,uss,x1,x2,score
0,,0.6751308441162109,0.6648991107940674,0,100,97533952,94478336,-0.14916302450000005,0.7201135046000005,-1.018073391789065
