,experiment,total_time,alg_time,nr_of_hits,nr_of_evaluations,rss,uss,x1,x2,score
0,,0.9176135063171387,0.9045116901397705,0,100,98181120,95100928,0.1044822211000001,-0.7088449579999997,-1.0306211528850333
