,experiment,total_time,alg_time,nr_of_hits,nr_of_evaluations,rss,uss,x1,x2,x3,x4,x5,x6,x7,x8,x9,x10,score
0,,101.21582102775574,99.95964026451111,0,10000,98578432,95412224,-0.1346130767999023,-6.315391171999975,-8.029483464699979,-12.347297129599976,2.8069166392000007,1.1857575305000707,1.1674797166001056,24.96059113160006,1.8018757101000062,-1.3403708131999927,0.5210909335197789
