,experiment,total_time,alg_time,nr_of_hits,nr_of_evaluations,rss,uss,x1,x2,score
0,,0.508441686630249,0.48903322219848633,0,100,70815744,64716800,-0.18109999999999982,0.7803,-0.9649615660689592
