,experiment,total_time,alg_time,nr_of_hits,nr_of_evaluations,rss,uss,x1,x2,x3,x4,x5,x6,x7,x8,x9,x10,score
0,,105.71152091026306,104.54502463340759,0,10000,98508800,66637824,12.844463759100051,-5.523788183299991,17.73041711960001,0.9299768370000132,0.17194551519993473,-1.5371860633001067,15.943130077399932,-3.712835879900126,-5.061826640000188,0.5058337727997522,0.8178658745756162
