,experiment,total_time,alg_time,nr_of_hits,nr_of_evaluations,rss,uss,x1,x2,score
0,,0.6741905212402344,0.6626889705657959,0,100,97800192,94642176,0.14088377209999997,-0.6664656932999999,-1.0028609022343387
