,experiment,total_time,alg_time,nr_of_hits,nr_of_evaluations,rss,uss,x1,x2,x3,x4,x5,x6,x7,x8,x9,x10,score
0,,47.249104022979736,45.86314654350281,0,10000,70918144,39018496,-160,-180,-260,0,100,0,60,-40,-120,180,47.90426288195829
