,experiment,total_time,alg_time,nr_of_hits,nr_of_evaluations,rss,uss,x1,x2,score
0,,1.0493733882904053,1.0362389087677002,0,100,98967552,65769472,-0.004474867799999616,-0.6438366291,-0.9678153304523258
