,experiment,total_time,alg_time,nr_of_hits,nr_of_evaluations,rss,uss,x1,x2,score
0,,0.35364270210266113,0.33887362480163574,0,100,70742016,64598016,0.0889000000000002,-0.8781999999999999,-0.7523159213112579
