,experiment,total_time,alg_time,nr_of_hits,nr_of_evaluations,rss,uss,x1,x2,x3,x4,x5,x6,x7,x8,x9,x10,score
0,,52.78114128112793,51.290993452072144,0,10000,71139328,39186432,-200,-140,-100,200,-160,80,120,180,40,-60,49.398172703744024
