,experiment,total_time,alg_time,nr_of_hits,nr_of_evaluations,rss,uss,x1,x2,score
0,,1.4619140625,1.444218635559082,0,100,98582528,65892352,0.028584763100000205,-0.6846879095000004,-1.0124103131301068
