,experiment,total_time,alg_time,nr_of_hits,nr_of_evaluations,rss,uss,x1,x2,score
0,,1.112086296081543,1.0979013442993164,0,100,98541568,65531904,-0.07069498859999956,0.6778188169000001,-1.0213986894143363
