,experiment,total_time,alg_time,nr_of_hits,nr_of_evaluations,rss,uss,x1,x2,score
0,,0.6753697395324707,0.6638975143432617,0,100,97845248,94707712,-0.17229182390000017,0.6802220481000004,-0.9947359877519897
