,experiment,total_time,alg_time,nr_of_hits,nr_of_evaluations,rss,uss,x1,x2,score
0,,0.760523796081543,0.7483549118041992,0,100,97894400,94769152,0.23644175900000042,-0.6829494194000001,-0.9398534159609135
