,experiment,total_time,alg_time,nr_of_hits,nr_of_evaluations,rss,uss,x1,x2,score
0,,0.6939723491668701,0.6817142963409424,0,100,97808384,94625792,0.2357778344000001,-0.7210639979000004,-0.9524893472896805
