,experiment,total_time,alg_time,nr_of_hits,nr_of_evaluations,rss,uss,x1,x2,x3,x4,x5,x6,x7,x8,x9,x10,score
0,,117.30807495117188,116.12653636932373,0,10000,98971648,66551808,-6.412393734800094,6.351898954699967,10.272760841299839,-8.918744860099956,-15.95205749050007,-11.789230216199984,-4.869230019299977,2.840932005399887,-0.23096339129999954,28.141501675800107,1.218696807988988
