,experiment,total_time,alg_time,nr_of_hits,nr_of_evaluations,rss,uss,x1,x2,x3,x4,x5,x6,x7,x8,x9,x10,score
0,,94.05896425247192,92.80744791030884,0,10000,98414592,95367168,-0.26875879909996847,-4.984751684699949,-0.7236900369000505,-1.8189750025999853,1.4687407344999635,18.74810922409992,0.9393998268999935,1.1932511653999462,3.389849785499985,1.2381319104999626,0.5196181770664657
