,experiment,total_time,alg_time,nr_of_hits,nr_of_evaluations,rss,uss,x1,x2,score
0,,0.70778489112854,0.6964123249053955,0,100,97529856,94425088,-0.17467855979999958,0.8160200803999997,-0.9123601472346566
