,experiment,total_time,alg_time,nr_of_hits,nr_of_evaluations,rss,uss,x1,x2,x3,x4,x5,x6,x7,x8,x9,x10,score
0,,120.18480825424194,119.04970264434814,0,10000,98422784,66060288,18.144600042999976,-6.768432649899991,-17.067357213500024,-11.817606413699927,17.483827397500043,18.65180219010012,-1.3489998137000105,-0.6831828070000281,0.8329659687999649,2.3873680785000913,0.8333759336080804
