,experiment,total_time,alg_time,nr_of_hits,nr_of_evaluations,rss,uss,x1,x2,score
0,,1.1718897819519043,1.156848669052124,0,100,98865152,65662976,0.008065781499999924,0.6742761048,-0.986074098544031
