,experiment,total_time,alg_time,nr_of_hits,nr_of_evaluations,rss,uss,x1,x2,score
0,,0.2446908950805664,0.2334601879119873,0,100,70180864,67006464,0.09980000000000011,-0.7130999999999998,-1.0312454256608348
