,experiment,total_time,alg_time,nr_of_hits,nr_of_evaluations,rss,uss,x1,x2,x3,x4,x5,x6,x7,x8,x9,x10,score
0,,114.4717071056366,113.10204720497131,0,10000,98783232,95645696,-12.751110732300052,14.142454197700033,-0.15429937580003195,-0.35914383809999606,15.344886860100072,-0.42748386279996,22.112961170499975,-1.2431347282999443,2.143858433199996,-3.6019876060999465,0.6604148200151322
