,experiment,total_time,alg_time,nr_of_hits,nr_of_evaluations,rss,uss,x1,x2,score
0,,0.6943826675415039,0.6830594539642334,0,100,97640448,94605312,-0.37819632529999947,0.649429435,-0.6909821100452995
