,experiment,total_time,alg_time,nr_of_hits,nr_of_evaluations,rss,uss,x1,x2,x3,x4,x5,x6,x7,x8,x9,x10,score
0,,105.23169374465942,104.07245397567749,0,10000,98275328,66662400,-6.894094457900062,-11.425071061699892,-7.4008902652999815,1.588528125700047,-1.5624232948000216,-1.308928308000016,-21.618983848200003,3.566695948199966,0.979523877200057,0.7297798017001025,0.7683083284309353
