,experiment,total_time,alg_time,nr_of_hits,nr_of_evaluations,rss,uss,x1,x2,score
0,,0.6495556831359863,0.6392636299133301,0,100,97628160,94593024,-1.6604797197,0.7776356997,-0.19622014099966067
