,experiment,total_time,alg_time,nr_of_hits,nr_of_evaluations,rss,uss,x1,x2,score
0,,0.8879990577697754,0.8755824565887451,0,100,98840576,65687552,-0.08126158159999952,0.7995454678,-0.9610622021600032
