,experiment,total_time,alg_time,nr_of_hits,nr_of_evaluations,rss,uss,x1,x2,score
0,,0.23250317573547363,0.22136187553405762,0,100,70144000,66932736,-0.01770000000000005,-0.6987999999999999,-0.9858327310513664
