,experiment,total_time,alg_time,nr_of_hits,nr_of_evaluations,rss,uss,x1,x2,score
0,,0.6760964393615723,0.6653327941894531,0,100,97759232,94580736,0.05126783680000005,-0.7462380444,-1.0148216054231611
