,experiment,total_time,alg_time,nr_of_hits,nr_of_evaluations,rss,uss,x1,x2,x3,x4,x5,x6,x7,x8,x9,x10,score
0,,104.6169946193695,103.26774954795837,0,10000,98533376,95387648,5.566578303100011,5.101389295699805,7.171817509699954,-13.407178722700046,0.18390373849973862,-0.017755172599958402,19.49042917860001,5.478375163700072,2.7631652278001217,-2.631140770199916,0.8793677844990233
