,experiment,total_time,alg_time,nr_of_hits,nr_of_evaluations,rss,uss,x1,x2,score
0,,0.2762269973754883,0.2627389430999756,0,100,70045696,66850816,0.034800000000000164,-0.5273999999999999,-0.8166440981511965
