,experiment,total_time,alg_time,nr_of_hits,nr_of_evaluations,rss,uss,x1,x2,x3,x4,x5,x6,x7,x8,x9,x10,score
0,,144.64753341674805,143.2623438835144,0,10000,98467840,95318016,12.201950633400145,-13.02334394010011,7.555409657200226,-2.163301105599974,-16.370058828499722,18.21312794300001,5.793684470200116,-2.2519471522998025,-3.948700236400022,23.09526068430009,1.1444793196748686
