,experiment,total_time,alg_time,nr_of_hits,nr_of_evaluations,rss,uss,x1,x2,score
0,,0.363816499710083,0.3453948497772217,0,100,70402048,64323584,0.5295000000000001,-0.7110999999999998,-0.41264746475454517
