,experiment,total_time,alg_time,nr_of_hits,nr_of_evaluations,rss,uss,x1,x2,score
0,,0.9665777683258057,0.9505100250244141,0,100,98820096,65712128,-0.09133816239999977,0.6799509788000001,-1.0232056886403356
