,experiment,total_time,alg_time,nr_of_hits,nr_of_evaluations,rss,uss,x1,x2,score
0,,0.7275080680847168,0.7167255878448486,0,100,97677312,94629888,0.1483295464000001,-0.7139375122999998,-1.0185275270993008
