,experiment,total_time,alg_time,nr_of_hits,nr_of_evaluations,rss,uss,x1,x2,x3,x4,x5,x6,x7,x8,x9,x10,score
0,,109.2184271812439,107.90415978431702,0,10000,98525184,95363072,-12.66969431000004,-4.806096949300003,-0.25820798200022077,-1.8981555256999365,-14.078242700899978,1.796838981000089,-0.709324668499911,0.5546627349002105,-8.161041685,0.27394511569999835,0.753306862682795
