,experiment,total_time,alg_time,nr_of_hits,nr_of_evaluations,rss,uss,x1,x2,score
0,,1.0432922840118408,1.0277619361877441,0,100,98738176,65581056,0.016646433800000377,-0.7123405354999996,-1.0105289133256545
