,experiment,total_time,alg_time,nr_of_hits,nr_of_evaluations,rss,uss,x1,x2,x3,x4,x5,x6,x7,x8,x9,x10,score
0,,100.40893220901489,99.12748718261719,0,10000,98484224,95432704,5.562032198099831,-12.743620768200069,-0.42392769800003194,-3.2484651790001102,-1.4654100630000522,7.238854379800284,-4.124656040000001,1.5284155955999807,3.3138347787000475,0.18762612299995052,0.9399052955084652
