,experiment,total_time,alg_time,nr_of_hits,nr_of_evaluations,rss,uss,x1,x2,score
0,,0.6938490867614746,0.6825580596923828,0,100,98045952,94879744,-0.10493448799999987,0.7092341191000002,-1.0305959933737592
