,experiment,total_time,alg_time,nr_of_hits,nr_of_evaluations,rss,uss,x1,x2,x3,x4,x5,x6,x7,x8,x9,x10,score
0,,100.4846293926239,99.17329478263855,0,10000,98295808,95182848,-0.4207767301999734,0.3118137270999819,-2.270102264600114,14.035043194000034,0.06685532459999255,19.913319875000138,3.0628593949999843,-4.469205049799981,-3.8621881288000397,-3.647579471599979,0.7711469343534221
