,experiment,total_time,alg_time,nr_of_hits,nr_of_evaluations,rss,uss,x1,x2,score
0,,0.678185224533081,0.6663811206817627,0,100,97992704,94859264,0.12306948160000003,-0.6963250912999995,-1.0246767364698428
