,experiment,total_time,alg_time,nr_of_hits,nr_of_evaluations,rss,uss,x1,x2,score
0,,0.7216908931732178,0.7109498977661133,0,100,97914880,94814208,0.11685652050000019,-0.7663068055999998,-1.0048833179187515
