,experiment,total_time,alg_time,nr_of_hits,nr_of_evaluations,rss,uss,x1,x2,score
0,,0.7467007637023926,0.7344484329223633,0,100,97738752,94695424,-0.047109274699999204,0.7097219897,-1.024512775370442
