,experiment,total_time,alg_time,nr_of_hits,nr_of_evaluations,rss,uss,x1,x2,x3,x4,x5,x6,x7,x8,x9,x10,score
0,,49.83784580230713,48.38244414329529,0,10000,70770688,38936576,100,-60,-120,80,40,160,-100,-280,60,-80,41.00000350413275
