,experiment,total_time,alg_time,nr_of_hits,nr_of_evaluations,rss,uss,x1,x2,score
0,,0.6670753955841064,0.6562943458557129,0,100,97853440,94707712,-0.1344704361999995,0.7448207145,-1.016518129678536
