,experiment,total_time,alg_time,nr_of_hits,nr_of_evaluations,rss,uss,x1,x2,score
0,,1.1855404376983643,1.1675429344177246,0,100,99016704,65789952,-0.1770142689999994,0.6491703856000001,-0.9669298993656992
