,experiment,total_time,alg_time,nr_of_hits,nr_of_evaluations,rss,uss,x1,x2,score
0,,0.9088742733001709,0.8965725898742676,0,100,98766848,65732608,0.02673210479999942,0.7151418127999999,-0.9775030250851424
