,experiment,total_time,alg_time,nr_of_hits,nr_of_evaluations,rss,uss,x1,x2,score
0,,0.4388420581817627,0.4160196781158447,0,100,71225344,65028096,-0.125,0.5989,-0.9329899221184883
