,experiment,total_time,alg_time,nr_of_hits,nr_of_evaluations,rss,uss,x1,x2,score
0,,0.9465382099151611,0.932389497756958,0,100,98770944,65556480,0.11121813510000024,-0.7184692323999999,-1.029700085407392
