,experiment,total_time,alg_time,nr_of_hits,nr_of_evaluations,rss,uss,x1,x2,score
0,,0.41181182861328125,0.39035868644714355,0,100,71041024,64868352,0.1253000000000002,-0.6137999999999999,-0.9538633087873248
