,experiment,total_time,alg_time,nr_of_hits,nr_of_evaluations,rss,uss,x1,x2,x3,x4,x5,x6,x7,x8,x9,x10,score
0,,123.30242562294006,122.06066918373108,0,10000,98516992,95399936,-9.871882633599935,-1.841809839599648,6.023104871400166,6.115632124199977,13.182074938800062,1.1660745971998585,-9.26660789360006,9.701805486399955,19.063283738600038,0.195593943800219,1.222903399196124
