,experiment,total_time,alg_time,nr_of_hits,nr_of_evaluations,rss,uss,x1,x2,score
0,,0.6635732650756836,0.652353048324585,0,100,97636352,94601216,-0.09878199349999972,0.7045754927999999,-1.0307164112118414
