,experiment,total_time,alg_time,nr_of_hits,nr_of_evaluations,rss,uss,x1,x2,score
0,,0.7235946655273438,0.7134144306182861,0,100,97624064,94515200,-0.2829536377999993,0.7878038143000002,-0.8577398699451775
