,experiment,total_time,alg_time,nr_of_hits,nr_of_evaluations,rss,uss,x1,x2,score
0,,1.2672410011291504,1.2520513534545898,0,100,98578432,65323008,-0.05940995119999981,0.7268978702000005,-1.0258711300058025
