,experiment,total_time,alg_time,nr_of_hits,nr_of_evaluations,rss,uss,x1,x2,x3,x4,x5,x6,x7,x8,x9,x10,score
0,,50.183287620544434,48.731513023376465,0,10000,71147520,39198720,-200,-180,-80,0,-60,-100,-120,180,200,100,48.299622944724604
