,experiment,total_time,alg_time,nr_of_hits,nr_of_evaluations,rss,uss,x1,x2,score
0,,0.9039096832275391,0.8908381462097168,0,100,98742272,65437696,-0.06844228449999976,0.7223898335000001,-1.0288414933814412
