,experiment,total_time,alg_time,nr_of_hits,nr_of_evaluations,rss,uss,x1,x2,score
0,,0.6468112468719482,0.6365506649017334,0,100,97828864,94654464,0.17923654090000007,-0.7220159273999999,-1.0012490144346209
