,experiment,total_time,alg_time,nr_of_hits,nr_of_evaluations,rss,uss,x1,x2,score
0,,0.9008114337921143,0.8874287605285645,0,100,98766848,65523712,-0.05898599949999987,0.6886269707999998,-1.0240662721324931
