,experiment,total_time,alg_time,nr_of_hits,nr_of_evaluations,rss,uss,x1,x2,x3,x4,x5,x6,x7,x8,x9,x10,score
0,,89.17168951034546,88.00327157974243,0,10000,98422784,95375360,-6.10368380899977,-12.272762243199942,-18.713631883700007,-11.78337889969978,14.370867199499983,0.27007704259998544,2.2814353850000337,-0.4512836488999,-7.7169116028999705,3.60834862800007,0.7082244104065566
