,experiment,total_time,alg_time,nr_of_hits,nr_of_evaluations,rss,uss,x1,x2,score
0,,0.6759464740753174,0.665492057800293,0,100,97759232,94658560,-0.10895310210000018,0.7120160062000003,-1.0301944586766554
