,experiment,total_time,alg_time,nr_of_hits,nr_of_evaluations,rss,uss,x1,x2,x3,x4,x5,x6,x7,x8,x9,x10,score
0,,105.6587290763855,104.50014472007751,0,10000,98697216,66379776,5.205572374799887,0.08676564610003323,-0.39494010500005583,0.48634773589988,-1.7634849886999948,-24.639945827700046,17.827229672199913,6.626933471600026,7.305836706000026,-7.411933807999965,1.2062474423090088
