,experiment,total_time,alg_time,nr_of_hits,nr_of_evaluations,rss,uss,x1,x2,x3,x4,x5,x6,x7,x8,x9,x10,score
0,,102.9398901462555,101.79630613327026,0,10000,98103296,66076672,3.1024422629999204,-1.3829011745999629,8.638699333799993,11.775263704299974,-1.6075228677999789,0.8807936110999841,-21.448816353299986,3.9577765032999768,0.5947182594000378,-1.7239895543000197,0.5866591520031683
