,experiment,total_time,alg_time,nr_of_hits,nr_of_evaluations,rss,uss,x1,x2,x3,x4,x5,x6,x7,x8,x9,x10,score
0,,95.49145793914795,94.22019267082214,0,10000,98680832,95580160,-2.827835382600014,-11.930120664200007,-6.850413095400034,0.3050917879000812,-13.856504171300008,-17.251652629200017,0.586504644099981,2.5812418006999653,-0.03202804010000859,3.523022090799989,0.7067119746675234
