,experiment,total_time,alg_time,nr_of_hits,nr_of_evaluations,rss,uss,x1,x2,score
0,,0.34316492080688477,0.32619762420654297,0,100,70643712,64454656,0.05950000000000033,-0.6881999999999999,-1.0240294272939996
