,experiment,total_time,alg_time,nr_of_hits,nr_of_evaluations,rss,uss,x1,x2,x3,x4,x5,x6,x7,x8,x9,x10,score
0,,90.36517119407654,89.19085001945496,0,10000,98291712,95178752,-2.6950384112000334,-18.513122837800164,-1.7188023631997198,-3.664568914600048,1.5260873956000696,-2.4131485020999994,-0.13913533690001922,-8.66307385379998,0.393906004300165,-4.115515252700012,0.9453107195311389
