,experiment,total_time,alg_time,nr_of_hits,nr_of_evaluations,rss,uss,x1,x2,score
0,,1.101304054260254,1.0854640007019043,0,100,98402304,65650688,0.23420647000000014,-0.7901759360000004,-0.9100375756036508
