,experiment,total_time,alg_time,nr_of_hits,nr_of_evaluations,rss,uss,x1,x2,score
0,,0.34763288497924805,0.33078432083129883,0,100,70930432,64712704,-0.10569999999999968,0.7036000000000002,-1.0298443338328858
