,experiment,total_time,alg_time,nr_of_hits,nr_of_evaluations,rss,uss,x1,x2,score
0,,0.23296475410461426,0.2219560146331787,0,100,70144000,67035136,0.13610000000000033,0.6084,-0.7763788227797643
