,experiment,total_time,alg_time,nr_of_hits,nr_of_evaluations,rss,uss,x1,x2,x3,x4,x5,x6,x7,x8,x9,x10,score
0,,48.01490378379822,46.58018732070923,0,10000,70938624,38920192,-100,240,220,-40,20,-200,-140,140,-80,-100,54.395992259198614
