,experiment,total_time,alg_time,nr_of_hits,nr_of_evaluations,rss,uss,x1,x2,score
0,,0.919252872467041,0.9082210063934326,0,100,98951168,65708032,-0.07957044259999965,0.7243287360000001,-1.0299625279042872
