,experiment,total_time,alg_time,nr_of_hits,nr_of_evaluations,rss,uss,x1,x2,score
0,,1.0548443794250488,1.0419745445251465,0,100,98660352,65454080,0.06287696640000025,-0.8386523591,-0.8715656573822554
