,experiment,total_time,alg_time,nr_of_hits,nr_of_evaluations,rss,uss,x1,x2,score
0,,0.7074122428894043,0.6970510482788086,0,100,98111488,94945280,0.2948371528,-0.6385117909,-0.8221120473997157
