,experiment,total_time,alg_time,nr_of_hits,nr_of_evaluations,rss,uss,x1,x2,score
0,,0.3584418296813965,0.33960437774658203,0,100,70774784,64688128,-0.12539999999999996,-0.637,-0.8222196277597882
