,experiment,total_time,alg_time,nr_of_hits,nr_of_evaluations,rss,uss,x1,x2,score
0,,1.1343297958374023,1.1203482151031494,0,100,98762752,65892352,0.08607495600000101,-0.6111379124000001,-0.959063635984641
