,experiment,total_time,alg_time,nr_of_hits,nr_of_evaluations,rss,uss,x1,x2,x3,x4,x5,x6,x7,x8,x9,x10,score
0,,112.13851523399353,110.96979808807373,0,10000,98672640,66658304,0.1354070706000161,13.293287147300092,-0.8372922990999285,5.292610713799984,-4.272716839200001,5.077567225300081,-6.958899826299838,-4.971499511200005,2.126126539099932,-12.242238292800021,1.1053515912719023
