,experiment,total_time,alg_time,nr_of_hits,nr_of_evaluations,rss,uss,x1,x2,x3,x4,x5,x6,x7,x8,x9,x10,score
0,,63.22979211807251,61.38034462928772,0,10000,71356416,38920192,40,20,-80,-60,0,-220,60,80,200,360,61.000552133296516
