,experiment,total_time,alg_time,nr_of_hits,nr_of_evaluations,rss,uss,x1,x2,x3,x4,x5,x6,x7,x8,x9,x10,score
0,,48.75698161125183,47.31675910949707,0,10000,70823936,39006208,-60,220,-40,-60,-60,80,160,-60,0,-40,25.546419877900455
