,experiment,total_time,alg_time,nr_of_hits,nr_of_evaluations,rss,uss,x1,x2,score
0,,0.6561651229858398,0.6463932991027832,0,100,97570816,94539776,-1.7108841688999998,0.7995463707000001,-0.21484121231784092
