,experiment,total_time,alg_time,nr_of_hits,nr_of_evaluations,rss,uss,x1,x2,x3,x4,x5,x6,x7,x8,x9,x10,score
0,,91.76265263557434,90.58949518203735,0,10000,98664448,95567872,-6.336564008600028,19.060361527600044,1.5665823837001103,-13.40281940319999,14.549794999799921,-12.75884505130006,-2.1285895394000853,-4.651531597500012,2.273942767800095,-1.0285657791999698,0.9161428293379354
