,experiment,total_time,alg_time,nr_of_hits,nr_of_evaluations,rss,uss,x1,x2,score
0,,0.6518635749816895,0.6411733627319336,0,100,98148352,94982144,-0.08419958899999977,0.7350743831999996,-1.0271326704650219
