,experiment,total_time,alg_time,nr_of_hits,nr_of_evaluations,rss,uss,x1,x2,score
0,,0.6657769680023193,0.6551594734191895,0,100,97480704,94425088,0.20594444209999968,-0.7371562298999998,-0.97837897573248
