,experiment,total_time,alg_time,nr_of_hits,nr_of_evaluations,rss,uss,x1,x2,score
0,,0.6591274738311768,0.647036075592041,0,100,97533952,94478336,0.07610126329999989,-0.7135276119999999,-1.0308722953152316
