,experiment,total_time,alg_time,nr_of_hits,nr_of_evaluations,rss,uss,x1,x2,score
0,,0.9039480686187744,0.8898653984069824,0,100,98603008,65785856,-0.11907534120000007,0.6869939709000001,-1.0223647267214704
