,experiment,total_time,alg_time,nr_of_hits,nr_of_evaluations,rss,uss,x1,x2,score
0,,1.1677138805389404,1.1531486511230469,0,100,98492416,65343488,-0.029089853999999915,0.6913402062,-1.0147830267321845
