,experiment,total_time,alg_time,nr_of_hits,nr_of_evaluations,rss,uss,x1,x2,score
0,,0.6542222499847412,0.6436080932617188,0,100,97779712,94679040,0.11307773610000016,-0.6618361211999997,-1.0086726929436494
