,experiment,total_time,alg_time,nr_of_hits,nr_of_evaluations,rss,uss,x1,x2,x3,x4,x5,x6,x7,x8,x9,x10,score
0,,95.8362729549408,94.60831832885742,0,10000,98639872,95465472,5.215133679000136,7.275791402600067,-10.331428021399995,-10.861205670400034,10.287517327799947,1.1270037923999254,0.23205566500005936,0.9880743940000121,-1.4503897968999926,4.443213778100006,0.9591182276439186
