,experiment,total_time,alg_time,nr_of_hits,nr_of_evaluations,rss,uss,x1,x2,score
0,,0.6989772319793701,0.6884064674377441,0,100,97759232,94621696,0.1653196938999999,0.6434861692000003,-0.7563256728375511
