,experiment,total_time,alg_time,nr_of_hits,nr_of_evaluations,rss,uss,x1,x2,score
0,,0.7468197345733643,0.7354416847229004,0,100,97931264,94797824,0.3100316455000002,-0.6904354456999998,-0.8465128439219243
