,experiment,total_time,alg_time,nr_of_hits,nr_of_evaluations,rss,uss,x1,x2,x3,x4,x5,x6,x7,x8,x9,x10,score
0,,157.1433403491974,155.7548439502716,0,10000,98897920,66723840,-10.579414869699978,-3.481695942900102,8.8169344051999,4.552431457099852,-14.728028399900069,12.805970282099995,3.5515258781001062,-7.845229408900045,-21.91811440640003,-4.883991450400046,1.290647709033215
