,experiment,total_time,alg_time,nr_of_hits,nr_of_evaluations,rss,uss,x1,x2,score
0,,0.9367060661315918,0.9228007793426514,0,100,98365440,65458176,-0.15793570590000017,0.7416165852000003,-1.008656346825106
