,experiment,total_time,alg_time,nr_of_hits,nr_of_evaluations,rss,uss,x1,x2,score
0,,0.9852986335754395,0.9725527763366699,0,100,98512896,65400832,0.09090104499999985,-0.7670925513000004,-1.0055405540988813
