,experiment,total_time,alg_time,nr_of_hits,nr_of_evaluations,rss,uss,x1,x2,x3,x4,x5,x6,x7,x8,x9,x10,score
0,,92.33756566047668,91.1339704990387,0,10000,98746368,95608832,0.1053732765000035,-13.433150974000117,-8.855239608000016,-0.9809252946000289,15.325738281899978,-37.70035001309991,2.116469916499941,0.37585721810000905,-1.2949070611001403,1.033052212100022,0.676129127415695
