,experiment,total_time,alg_time,nr_of_hits,nr_of_evaluations,rss,uss,x1,x2,score
0,,0.8881921768188477,0.875910758972168,0,100,98566144,65581056,-0.0386282355,0.7712196959,-0.9878941116124473
