,experiment,total_time,alg_time,nr_of_hits,nr_of_evaluations,rss,uss,x1,x2,score
0,,0.9195075035095215,0.9053397178649902,0,100,99016704,65773568,0.03323775769999987,-0.7039220464999996,-1.0188995835653423
