,experiment,total_time,alg_time,nr_of_hits,nr_of_evaluations,rss,uss,x1,x2,score
0,,0.691800594329834,0.6817045211791992,0,100,97964032,94801920,-0.14715877390000018,0.6325514494000001,-0.9675411375612456
