,experiment,total_time,alg_time,nr_of_hits,nr_of_evaluations,rss,uss,x1,x2,score
0,,0.6927258968353271,0.6607983112335205,0,100,71221248,65007616,0.0665,-0.7477,-1.0181239802840862
