,experiment,total_time,alg_time,nr_of_hits,nr_of_evaluations,rss,uss,x1,x2,score
0,,0.6938393115997314,0.6836330890655518,0,100,97652736,94490624,-0.12211691239999997,0.7586418582,-1.010635103930464
