,experiment,total_time,alg_time,nr_of_hits,nr_of_evaluations,rss,uss,x1,x2,score
0,,0.6877989768981934,0.6773433685302734,0,100,97841152,94699520,-0.07386043830000003,0.6989697598999995,-1.029343588351268
