,experiment,total_time,alg_time,nr_of_hits,nr_of_evaluations,rss,uss,x1,x2,score
0,,0.917475700378418,0.9035747051239014,0,100,98959360,65744896,0.10931705919999965,-0.7023031204999999,-1.0290888121663244
