,experiment,total_time,alg_time,nr_of_hits,nr_of_evaluations,rss,uss,x1,x2,score
0,,0.6975698471069336,0.685861349105835,0,100,98217984,95133696,0.07172953699999961,-0.6715255796999993,-1.018018316925633
