,experiment,total_time,alg_time,nr_of_hits,nr_of_evaluations,rss,uss,x1,x2,score
0,,0.6560325622558594,0.6456372737884521,0,100,98172928,95088640,0.08988269300000039,-0.7219046588,-1.0309193589423178
