,experiment,total_time,alg_time,nr_of_hits,nr_of_evaluations,rss,uss,x1,x2,score
0,,0.9328751564025879,0.918973445892334,0,100,98775040,65736704,0.16792359230000015,-0.7015789426000003,-1.00643810885323
