,experiment,total_time,alg_time,nr_of_hits,nr_of_evaluations,rss,uss,x1,x2,score
0,,0.9892153739929199,0.974785327911377,0,100,98537472,65478656,0.012407626400000047,-0.5875605366000007,-0.9108562341796773
