,experiment,total_time,alg_time,nr_of_hits,nr_of_evaluations,rss,uss,x1,x2,score
0,,0.7428486347198486,0.7314209938049316,0,100,97595392,94486528,-0.1462066517,0.6791956831999997,-1.008765063050887
