,experiment,total_time,alg_time,nr_of_hits,nr_of_evaluations,rss,uss,x1,x2,score
0,,0.3555600643157959,0.3391995429992676,0,100,70717440,64581632,-0.3094999999999999,0.8904000000000001,-0.5684380938497188
