,experiment,total_time,alg_time,nr_of_hits,nr_of_evaluations,rss,uss,x1,x2,score
0,,0.6910767555236816,0.680701494216919,0,100,98095104,94928896,-0.06991505690000034,-0.6187863586999998,-0.8823823287909413
