,experiment,total_time,alg_time,nr_of_hits,nr_of_evaluations,rss,uss,x1,x2,score
0,,0.8824987411499023,0.8697090148925781,0,100,98713600,65708032,0.06678407239999967,-0.7478311003999997,-1.0181016097892657
