,experiment,total_time,alg_time,nr_of_hits,nr_of_evaluations,rss,uss,x1,x2,x3,x4,x5,x6,x7,x8,x9,x10,score
0,,127.91835927963257,126.61978220939636,0,10000,98545664,66363392,2.564536204900067,-12.215801930599927,8.948976425599987,-1.732975216499959,1.4525954436000221,-3.5850451479000616,3.004651901800136,0.7558622423999974,-1.8303867592000937,-1.9419895977999504,0.5580319510253554
