,experiment,total_time,alg_time,nr_of_hits,nr_of_evaluations,rss,uss,x1,x2,x3,x4,x5,x6,x7,x8,x9,x10,score
0,,50.64825391769409,49.2042453289032,0,10000,71364608,38920192,-40,20,0,140,-40,240,140,-220,-140,-100,45.58812663214006
