,experiment,total_time,alg_time,nr_of_hits,nr_of_evaluations,rss,uss,x1,x2,score
0,,1.1255884170532227,1.1106433868408203,0,100,98799616,65564672,0.03352675160000026,0.6953629917,-0.971108133817382
