,experiment,total_time,alg_time,nr_of_hits,nr_of_evaluations,rss,uss,x1,x2,score
0,,0.9326233863830566,0.9195303916931152,0,100,98684928,65699840,-0.11040413100000034,0.6243026945999998,-0.9718638581567006
