,experiment,total_time,alg_time,nr_of_hits,nr_of_evaluations,rss,uss,x1,x2,x3,x4,x5,x6,x7,x8,x9,x10,score
0,,114.96318554878235,113.7736542224884,0,10000,98500608,65970176,-1.746348678899996,3.6531682820000295,-1.0338057572999304,3.632267556300114,20.92793834469999,13.876430070599945,7.019418532899774,19.004996084099993,10.327459909900142,-30.152499251500174,1.5204972565896566
