,experiment,total_time,alg_time,nr_of_hits,nr_of_evaluations,rss,uss,x1,x2,x3,x4,x5,x6,x7,x8,x9,x10,score
0,,49.0820746421814,47.64912486076355,0,10000,70893568,38895616,240,-280,-140,-20,80,40,-100,-20,-160,-100,53.49930642849031
