,experiment,total_time,alg_time,nr_of_hits,nr_of_evaluations,rss,uss,x1,x2,score
0,,0.9056732654571533,0.8903183937072754,0,100,98766848,65544192,-0.06424300850000006,0.6596034254000003,-1.0090418482399717
