,experiment,total_time,alg_time,nr_of_hits,nr_of_evaluations,rss,uss,x1,x2,x3,x4,x5,x6,x7,x8,x9,x10,score
0,,112.41050004959106,111.22909188270569,0,10000,98725888,65810432,0.05874675209994429,0.9220130947999383,0.30702745030009737,11.979490466499966,-2.3095611774999787,-19.48959052169998,-20.041261179400053,23.488406270500015,-0.4002684127000147,3.3874765506000206,0.6791241953678057
