,experiment,total_time,alg_time,nr_of_hits,nr_of_evaluations,rss,uss,x1,x2,x3,x4,x5,x6,x7,x8,x9,x10,score
0,,100.72040796279907,99.56763458251953,0,10000,98942976,67039232,-3.704779791900004,-6.669566525099816,7.636667556900045,10.41570694119999,3.96236282909995,0.4958031374999141,-0.937910588200014,4.578067412200124,2.2652449579000042,6.559220194800112,0.8138310017331227
