,experiment,total_time,alg_time,nr_of_hits,nr_of_evaluations,rss,uss,x1,x2,x3,x4,x5,x6,x7,x8,x9,x10,score
0,,49.73068594932556,48.273388147354126,0,10000,70938624,39071744,20,220,140,-380,-140,40,40,-20,140,0,65.05907108903904
