,experiment,total_time,alg_time,nr_of_hits,nr_of_evaluations,rss,uss,x1,x2,score
0,,0.6895103454589844,0.6782557964324951,0,100,97812480,94666752,0.054408613500000015,-0.6915165543999999,-1.0238998556484393
