,experiment,total_time,alg_time,nr_of_hits,nr_of_evaluations,rss,uss,x1,x2,x3,x4,x5,x6,x7,x8,x9,x10,score
0,,163.46815586090088,162.02338027954102,0,10000,98865152,66453504,-3.3915682098999973,-25.228426855100068,-0.5065882369999883,-21.234387125100024,-2.1331094448999828,-5.407180035999925,3.054212821600038,18.814429698699797,0.07007954130009963,-1.1519446876000572,1.1825449414790827
