,experiment,total_time,alg_time,nr_of_hits,nr_of_evaluations,rss,uss,x1,x2,score
0,,0.2291262149810791,0.21828365325927734,0,100,70164480,67010560,-0.04349999999999987,0.7892000000000001,-0.9664133565167028
