,experiment,total_time,alg_time,nr_of_hits,nr_of_evaluations,rss,uss,x1,x2,score
0,,1.9408040046691895,1.9187266826629639,0,100,98643968,65810432,-0.12138776279999974,0.7165085792000001,-1.0277737189155354
