,experiment,total_time,alg_time,nr_of_hits,nr_of_evaluations,rss,uss,x1,x2,score
0,,1.1025898456573486,1.0890796184539795,0,100,98574336,65429504,-0.060217006499999864,0.6113961088000005,-0.9586391796410394
