,experiment,total_time,alg_time,nr_of_hits,nr_of_evaluations,rss,uss,x1,x2,score
0,,1.0459794998168945,1.031379222869873,0,100,98603008,65323008,0.05750799619999971,-0.7742832172999996,-0.9917092109195353
