,experiment,total_time,alg_time,nr_of_hits,nr_of_evaluations,rss,uss,x1,x2,score
0,,0.9175126552581787,0.9041187763214111,0,100,98652160,65814528,-0.07488853359999958,0.7097566757000006,-1.0307290729376037
