,experiment,total_time,alg_time,nr_of_hits,nr_of_evaluations,rss,uss,x1,x2,score
0,,0.6926145553588867,0.6811411380767822,0,100,97357824,94302208,0.047131054300000544,-0.6493293888999997,-0.9971603213316407
