,experiment,total_time,alg_time,nr_of_hits,nr_of_evaluations,rss,uss,x1,x2,score
0,,1.020669937133789,1.008441686630249,0,100,98607104,65482752,0.05232651470000041,-0.6558143851,-1.0038317314309817
