,experiment,total_time,alg_time,nr_of_hits,nr_of_evaluations,rss,uss,x1,x2,score
0,,0.6534969806671143,0.6423971652984619,0,100,97812480,94666752,-0.10598899970000009,0.7106621889000001,-1.0305506033665142
