,experiment,total_time,alg_time,nr_of_hits,nr_of_evaluations,rss,uss,x1,x2,score
0,,0.7164421081542969,0.7049145698547363,0,100,97685504,94654464,0.026150625500000205,0.5393510108999997,-0.80826914009646
