,experiment,total_time,alg_time,nr_of_hits,nr_of_evaluations,rss,uss,x1,x2,x3,x4,x5,x6,x7,x8,x9,x10,score
0,,96.6563367843628,95.39446783065796,0,10000,98635776,95473664,0.049677088700066374,-11.937363866800009,-11.109811420900058,1.3590293565000855,16.352560578199945,-3.2354191933999346,3.7960025066000256,-2.0849631221000093,2.9869593899999884,8.663815277700033,0.8352955999084419
