,experiment,total_time,alg_time,nr_of_hits,nr_of_evaluations,rss,uss,x1,x2,score
0,,0.24107027053833008,0.22951602935791016,0,100,70189056,67084288,0.30020000000000024,-0.651,-0.8285363213547223
