,experiment,total_time,alg_time,nr_of_hits,nr_of_evaluations,rss,uss,x1,x2,score
0,,0.8946423530578613,0.881422758102417,0,100,98492416,65478656,0.13767841010000006,-0.5677435578999994,-0.8768343120111728
