,experiment,total_time,alg_time,nr_of_hits,nr_of_evaluations,rss,uss,x1,x2,x3,x4,x5,x6,x7,x8,x9,x10,score
0,,98.74844646453857,97.62161540985107,0,10000,98598912,66408448,19.678008507199873,-12.596272330399833,-0.9157790313999854,-10.879181832700034,17.28927781429989,2.494784561700002,0.6220944615998638,0.0035636738996926987,-0.8191626225998689,3.5833201254999736,0.7709929318664293
