,experiment,total_time,alg_time,nr_of_hits,nr_of_evaluations,rss,uss,x1,x2,score
0,,0.7473049163818359,0.7359535694122314,0,100,97796096,94691328,0.08130906460000012,-0.5428489722999996,-0.8491685897700821
