,experiment,total_time,alg_time,nr_of_hits,nr_of_evaluations,rss,uss,x1,x2,score
0,,0.9402675628662109,0.9274380207061768,0,100,98807808,65576960,0.21192989209999996,-0.7234765242999999,-0.9756816339372367
