,experiment,total_time,alg_time,nr_of_hits,nr_of_evaluations,rss,uss,x1,x2,x3,x4,x5,x6,x7,x8,x9,x10,score
0,,101.80897855758667,100.52566027641296,0,10000,98213888,95195136,25.71816267530008,-5.901286954300085,7.289603397200003,-0.013457855700008903,0.7890083373999819,3.634271906699867,2.1772637361999374,-4.5765041994998565,-2.3317939879999443,1.4581630146000322,0.8139888189689413
