,experiment,total_time,alg_time,nr_of_hits,nr_of_evaluations,rss,uss,x1,x2,x3,x4,x5,x6,x7,x8,x9,x10,score
0,,187.91478037834167,186.2718825340271,0,10000,98762752,66932736,2.543302003699977,-12.301034534100022,-0.030344801100025576,-13.20526494430005,0.7998477880001991,0.5433369831999926,0.310463968300172,0.7272078945000917,6.087578865500019,-4.662747015299995,0.5471902798297092
