,experiment,total_time,alg_time,nr_of_hits,nr_of_evaluations,rss,uss,x1,x2,score
0,,0.6681275367736816,0.657318115234375,0,100,97767424,94609408,-0.2022932223999997,0.7141734753999998,-0.9838726860992355
