,experiment,total_time,alg_time,nr_of_hits,nr_of_evaluations,rss,uss,x1,x2,x3,x4,x5,x6,x7,x8,x9,x10,score
0,,104.61363077163696,103.4376368522644,0,10000,98643968,66920448,-6.139355613899893,-4.779861933400043,-19.240245140900015,-0.917091354600021,-1.751084182800045,20.492265123099997,-1.886030928399872,1.6402782483000422,3.3911365740000328,-0.6032952510999654,0.6651689130068589
