,experiment,total_time,alg_time,nr_of_hits,nr_of_evaluations,rss,uss,x1,x2,x3,x4,x5,x6,x7,x8,x9,x10,score
0,,121.85378503799438,120.60240030288696,0,10000,98611200,66699264,9.74289935840017,12.659845577899882,10.516090172899954,-10.818035797900059,-3.203437388599972,-5.968745483600012,6.460217645800063,-19.078078501499995,0.9980782168997191,-1.0263831020996792,1.0819510409799322
