,experiment,total_time,alg_time,nr_of_hits,nr_of_evaluations,rss,uss,x1,x2,x3,x4,x5,x6,x7,x8,x9,x10,score
0,,107.09137463569641,105.95321273803711,0,10000,98476032,66359296,-12.463750550900066,12.943799298499872,11.550503732699989,0.11925133029988544,-14.348529870500082,-13.891936904399891,18.699699442900148,-27.296000116000087,22.310211744799997,-0.5025013364999573,1.2845807426471598
