,experiment,total_time,alg_time,nr_of_hits,nr_of_evaluations,rss,uss,x1,x2,x3,x4,x5,x6,x7,x8,x9,x10,score
0,,224.41577243804932,222.47451853752136,0,10000,98230272,66666496,-5.518942533199998,-5.399559744399976,10.546288331499971,3.0825592162000026,-4.72758172159995,-2.1850773884999124,3.277340838600038,0.38490998890003203,2.5316581556000997,-2.5693195757000065,0.8604008676728242
