,experiment,total_time,alg_time,nr_of_hits,nr_of_evaluations,rss,uss,x1,x2,score
0,,0.6619210243225098,0.6518232822418213,0,100,97767424,94642176,0.04817420110000037,-0.6986393133999995,-1.023817946302957
