,experiment,total_time,alg_time,nr_of_hits,nr_of_evaluations,rss,uss,x1,x2,score
0,,0.9043405055999756,0.8915700912475586,0,100,98746368,65716224,0.07845243240000026,-0.6900098006000003,-1.0273110290282188
