,experiment,total_time,alg_time,nr_of_hits,nr_of_evaluations,rss,uss,x1,x2,score
0,,0.6507260799407959,0.6397600173950195,0,100,97841152,94666752,-0.09991702739999998,0.7047475982000005,-1.030647230318491
