,experiment,total_time,alg_time,nr_of_hits,nr_of_evaluations,rss,uss,x1,x2,x3,x4,x5,x6,x7,x8,x9,x10,score
0,,117.95275402069092,116.75167512893677,0,10000,98590720,66306048,3.69143733500006,-19.349166023799953,-2.4698789736002045,7.136933421899946,-7.338186545600021,3.7331486337001305,1.3846242081997588,-3.867634070899905,-22.27122481749987,-13.739840361699892,1.302298532547707
