,experiment,total_time,alg_time,nr_of_hits,nr_of_evaluations,rss,uss,x1,x2,score
0,,0.6699647903442383,0.6591296195983887,0,100,97906688,94765056,-0.015334453000000185,0.6721711571000001,-1.0000793737887699
