,experiment,total_time,alg_time,nr_of_hits,nr_of_evaluations,rss,uss,x1,x2,x3,x4,x5,x6,x7,x8,x9,x10,score
0,,87.57072925567627,86.4082248210907,0,10000,98680832,95563776,15.714640078799967,-12.42424287419998,-0.13176963199992509,10.090404791299994,-0.6007590380999135,1.0940654993999983,0.534965652899974,-5.175212905299938,-0.8711756553999876,4.381235637499955,0.5696990796987623
