,experiment,total_time,alg_time,nr_of_hits,nr_of_evaluations,rss,uss,x1,x2,x3,x4,x5,x6,x7,x8,x9,x10,score
0,,110.79359531402588,109.63491106033325,0,10000,98701312,65789952,-10.85183990560009,-13.5344481682,9.575453004000133,10.59993806170003,-7.738812999699913,-0.3533371735998898,-4.141201235400162,-5.086125772000043,-1.1392213651000596,2.1080634075998987,1.155104215111477
