,experiment,total_time,alg_time,nr_of_hits,nr_of_evaluations,rss,uss,x1,x2,score
0,,0.9385108947753906,0.9256839752197266,0,100,98930688,65867776,0.3744079207999996,-0.7184807450999993,-0.747576510362019
