,experiment,total_time,alg_time,nr_of_hits,nr_of_evaluations,rss,uss,x1,x2,score
0,,0.23547029495239258,0.22415971755981445,0,100,70180864,66969600,-0.008699999999999708,-0.8371,-0.8312340568319532
