,experiment,total_time,alg_time,nr_of_hits,nr_of_evaluations,rss,uss,x1,x2,score
0,,0.43918681144714355,0.41937875747680664,0,100,71036928,64856064,0.016900000000000137,-0.5347,-0.824545926580773
