,experiment,total_time,alg_time,nr_of_hits,nr_of_evaluations,rss,uss,x1,x2,x3,x4,x5,x6,x7,x8,x9,x10,score
0,,121.52621507644653,120.28242087364197,0,10000,98582528,66297856,6.007071621700069,1.8854595247999968,20.596873774699844,-14.115178390299977,2.710905497200031,4.4670395624000285,1.7843101269999657,16.612164849600052,7.399373558199969,12.60005060490002,1.268895826052136
