,experiment,total_time,alg_time,nr_of_hits,nr_of_evaluations,rss,uss,x1,x2,x3,x4,x5,x6,x7,x8,x9,x10,score
0,,69.06010055541992,67.0821750164032,0,10000,71172096,39219200,160,120,-160,-200,0,-160,0,-140,-200,120,52.29405832023889
