,experiment,total_time,alg_time,nr_of_hits,nr_of_evaluations,rss,uss,x1,x2,x3,x4,x5,x6,x7,x8,x9,x10,score
0,,56.354597091674805,54.700278759002686,0,10000,71057408,38678528,200,-320,-100,60,-140,-60,-240,-60,-40,20,61.59635509872529
