,experiment,total_time,alg_time,nr_of_hits,nr_of_evaluations,rss,uss,x1,x2,x3,x4,x5,x6,x7,x8,x9,x10,score
0,,117.64390850067139,116.45531868934631,0,10000,98656256,66699264,0.7249590755000002,5.767979437999912,-4.645567795399895,9.80046728030014,11.298380541100077,4.356303361100113,-20.659463687200248,-7.12199153399988,8.980161058500109,16.040670585599923,1.278450527961743
