,experiment,total_time,alg_time,nr_of_hits,nr_of_evaluations,rss,uss,x1,x2,x3,x4,x5,x6,x7,x8,x9,x10,score
0,,49.95289444923401,48.49544548988342,0,10000,71000064,38973440,-200,0,-180,40,160,220,-140,80,60,-120,49.044622082702375
