,experiment,total_time,alg_time,nr_of_hits,nr_of_evaluations,rss,uss,x1,x2,score
0,,0.2360846996307373,0.22463726997375488,0,100,69857280,66760704,-0.04190000000000005,0.7823000000000002,-0.9755924127258006
