,experiment,total_time,alg_time,nr_of_hits,nr_of_evaluations,rss,uss,x1,x2,x3,x4,x5,x6,x7,x8,x9,x10,score
0,,119.49001026153564,118.33552837371826,0,10000,98668544,66908160,-2.8646733072999826,-11.708545411899932,-8.039718979000034,-0.8192462419999602,0.23910408080001844,1.7758595127999643,2.5870783833999935,0.19388884199999,-5.168924341000002,0.2726333630000406,0.48865770996060387
