,experiment,total_time,alg_time,nr_of_hits,nr_of_evaluations,rss,uss,x1,x2,score
0,,1.0883960723876953,1.076082468032837,0,100,98385920,65638400,0.08613832970000002,-0.7557253294999999,-1.0153004888578896
