,experiment,total_time,alg_time,nr_of_hits,nr_of_evaluations,rss,uss,x1,x2,score
0,,0.87550950050354,0.8630969524383545,0,100,98897920,65732608,-0.20238758150000008,0.6172913858000002,-0.907991921908966
