,experiment,total_time,alg_time,nr_of_hits,nr_of_evaluations,rss,uss,x1,x2,score
0,,0.8284718990325928,0.8168187141418457,0,100,97804288,94679040,-0.02238740669999985,0.5137185303999999,-0.7865364377919923
