,experiment,total_time,alg_time,nr_of_hits,nr_of_evaluations,rss,uss,x1,x2,score
0,,0.7248742580413818,0.7129061222076416,0,100,97669120,94560256,0.1033039326000002,-0.6579916973000003,-1.0075439125651233
