,experiment,total_time,alg_time,nr_of_hits,nr_of_evaluations,rss,uss,x1,x2,x3,x4,x5,x6,x7,x8,x9,x10,score
0,,51.592081785202026,50.11682724952698,0,10000,71090176,38977536,20,-100,80,-140,220,-220,20,-160,-60,20,41.801016512009916
