,experiment,total_time,alg_time,nr_of_hits,nr_of_evaluations,rss,uss,x1,x2,score
0,,0.7184164524078369,0.7050986289978027,0,100,97857536,94715904,0.09580328470000032,-0.6013924969,-0.9445414394681875
