,experiment,total_time,alg_time,nr_of_hits,nr_of_evaluations,rss,uss,x1,x2,score
0,,0.3811807632446289,0.35965847969055176,0,100,71245824,65032192,0.11750000000000016,-0.5954999999999999,-0.9306045722769918
