,experiment,total_time,alg_time,nr_of_hits,nr_of_evaluations,rss,uss,x1,x2,x3,x4,x5,x6,x7,x8,x9,x10,score
0,,113.37769889831543,112.03511381149292,0,10000,98582528,95559680,22.285689971799926,-6.441347726300119,-8.940013584800113,-10.046004075599981,0.15240533540016504,-1.391439613500057,1.3370015436999907,-5.648488400499917,0.9078100522999413,-2.383533620299969,0.6557942328687292
