,experiment,total_time,alg_time,nr_of_hits,nr_of_evaluations,rss,uss,x1,x2,x3,x4,x5,x6,x7,x8,x9,x10,score
0,,95.72201466560364,94.45624732971191,0,10000,98619392,95502336,-5.963244410100293,0.6629775536999722,18.005395350099832,-1.1194584562000163,-2.160764965100004,1.727135161699879,-3.4186052731000487,-0.4214161313999023,0.880954247300032,-1.053956652399949,0.46593540612465123
