,experiment,total_time,alg_time,nr_of_hits,nr_of_evaluations,rss,uss,x1,x2,score
0,,0.671903133392334,0.6605310440063477,0,100,97669120,94633984,-0.09344555999999954,0.6882674968000003,-1.0267829472623493
