,experiment,total_time,alg_time,nr_of_hits,nr_of_evaluations,rss,uss,x1,x2,score
0,,0.6660242080688477,0.6550674438476562,0,100,97701888,94597120,0.09766090740000065,-0.6665873247999999,-1.0147469144095167
