,experiment,total_time,alg_time,nr_of_hits,nr_of_evaluations,rss,uss,x1,x2,score
0,,1.2430646419525146,1.227437973022461,0,100,98983936,65773568,-0.07129167900000019,0.7153665828000003,-1.0301716852203218
