,experiment,total_time,alg_time,nr_of_hits,nr_of_evaluations,rss,uss,x1,x2,score
0,,0.647662878036499,0.6373550891876221,0,100,97656832,94547968,-0.0017107898999997955,-0.7531018931000001,-0.9806567088169901
