,experiment,total_time,alg_time,nr_of_hits,nr_of_evaluations,rss,uss,x1,x2,score
0,,0.7760589122772217,0.7617647647857666,0,100,97828864,94724096,0.0228436248000011,-0.6995521270999997,-1.0134418360042958
