,experiment,total_time,alg_time,nr_of_hits,nr_of_evaluations,rss,uss,x1,x2,score
0,,0.8902790546417236,0.8787229061126709,0,100,98881536,65724416,0.03525834100000012,0.6108355333000002,-0.9090995066554913
