,experiment,total_time,alg_time,nr_of_hits,nr_of_evaluations,rss,uss,x1,x2,x3,x4,x5,x6,x7,x8,x9,x10,score
0,,65.01412892341614,63.13961577415466,0,10000,70885376,39034880,80,40,160,-320,160,-100,0,-100,80,-20,48.09915134362153
