,experiment,total_time,alg_time,nr_of_hits,nr_of_evaluations,rss,uss,x1,x2,x3,x4,x5,x6,x7,x8,x9,x10,score
0,,120.05235147476196,118.90800452232361,0,10000,98197504,65740800,3.7168427771999983,-6.070630343900074,12.560161996800122,-12.311237975700072,1.4465692749002272,-1.0901461578000706,-1.0777142885999393,4.181306318099965,-1.9977866858999143,4.507807844699961,0.8054613065662967
