,experiment,total_time,alg_time,nr_of_hits,nr_of_evaluations,rss,uss,x1,x2,x3,x4,x5,x6,x7,x8,x9,x10,score
0,,151.5069441795349,150.0662338733673,0,10000,98422784,95363072,6.709533912700174,0.12032122219999586,0.3399677349998669,10.128344102400014,-13.755584061200146,16.195169425900055,19.230179914800175,5.817185710200057,-25.107753840399766,26.011436545799928,1.2339442868634913
