,experiment,total_time,alg_time,nr_of_hits,nr_of_evaluations,rss,uss,x1,x2,score
0,,0.9256198406219482,0.91306471824646,0,100,98488320,65490944,0.2150483592999996,-0.6869091379999996,-0.964022737930676
