,experiment,total_time,alg_time,nr_of_hits,nr_of_evaluations,rss,uss,x1,x2,score
0,,0.9407694339752197,0.9271340370178223,0,100,98660352,65372160,-0.18258279249999934,0.6454683249000005,-0.959024273444267
