,experiment,total_time,alg_time,nr_of_hits,nr_of_evaluations,rss,uss,x1,x2,score
0,,0.42364978790283203,0.4015946388244629,0,100,70803456,64716800,0.021500000000000075,0.5615000000000001,-0.8495966100244576
