,experiment,total_time,alg_time,nr_of_hits,nr_of_evaluations,rss,uss,x1,x2,x3,x4,x5,x6,x7,x8,x9,x10,score
0,,48.8564395904541,47.41749715805054,0,10000,71069696,39153664,140,60,60,-20,-100,100,100,300,-100,-160,46.69998673526591
