,experiment,total_time,alg_time,nr_of_hits,nr_of_evaluations,rss,uss,x1,x2,score
0,,1.1594936847686768,1.1418938636779785,0,100,98619392,65445888,0.11384032700000019,-0.7232489715,-1.0287159708647422
