,experiment,total_time,alg_time,nr_of_hits,nr_of_evaluations,rss,uss,x1,x2,x3,x4,x5,x6,x7,x8,x9,x10,score
0,,87.47028493881226,86.29505252838135,0,10000,98779136,95621120,-9.252205687600053,-4.802761007400081,2.1530690235999708,-0.5034169201999887,-11.804812528999973,-16.62891089729991,-2.216706588999989,5.060537174999997,3.161313168899956,-0.38197334369996305,0.883605848333608
