,experiment,total_time,alg_time,nr_of_hits,nr_of_evaluations,rss,uss,x1,x2,score
0,,0.9047729969024658,0.8922555446624756,0,100,98729984,65708032,0.18176389890000022,-0.6946105668000001,-0.9951555667789596
