,experiment,total_time,alg_time,nr_of_hits,nr_of_evaluations,rss,uss,x1,x2,score
0,,0.8789768218994141,0.8672230243682861,0,100,98906112,65667072,-0.12632928389999967,0.8004539363000002,-0.9586021241571588
