,experiment,total_time,alg_time,nr_of_hits,nr_of_evaluations,rss,uss,x1,x2,score
0,,0.6783068180084229,0.6677844524383545,0,100,97918976,94773248,-0.1732681039,0.7594745618000005,-0.9897951574087076
