,experiment,total_time,alg_time,nr_of_hits,nr_of_evaluations,rss,uss,x1,x2,x3,x4,x5,x6,x7,x8,x9,x10,score
0,,50.63226246833801,49.17823266983032,0,10000,70582272,38862848,-180,20,-100,100,-140,-80,140,120,120,0,32.826159518705644
