,experiment,total_time,alg_time,nr_of_hits,nr_of_evaluations,rss,uss,x1,x2,score
0,,0.2290949821472168,0.21822285652160645,0,100,70184960,67080192,0.24970000000000026,-0.6617999999999999,-0.9085478261085704
