,experiment,total_time,alg_time,nr_of_hits,nr_of_evaluations,rss,uss,x1,x2,x3,x4,x5,x6,x7,x8,x9,x10,score
0,,139.22402381896973,137.91430234909058,0,10000,98566144,66301952,9.447835099399972,16.622339493400002,6.0325380740000405,-4.656015021999853,12.941707017599807,-14.926877567500032,20.482502860200015,-3.598721447099763,-3.8181129229002924,0.9950360142999646,1.275421648355966
