,experiment,total_time,alg_time,nr_of_hits,nr_of_evaluations,rss,uss,x1,x2,x3,x4,x5,x6,x7,x8,x9,x10,score
0,,49.57399535179138,48.128467321395874,0,10000,70791168,38998016,120,40,-80,40,220,60,40,300,-20,-60,43.904145099283404
