,experiment,total_time,alg_time,nr_of_hits,nr_of_evaluations,rss,uss,x1,x2,score
0,,0.6528451442718506,0.6430041790008545,0,100,98254848,95170560,-0.12738448139999983,0.7717050660000001,-0.9974446135046638
