,experiment,total_time,alg_time,nr_of_hits,nr_of_evaluations,rss,uss,x1,x2,x3,x4,x5,x6,x7,x8,x9,x10,score
0,,127.8507387638092,126.5958194732666,0,10000,98578432,92594176,6.568227310900021,-7.661109077700025,-7.652046901999823,1.9326291041999148,-4.540189301199912,-5.568491001100016,7.471218092800078,5.7352492916000415,-6.006888875799918,-7.138903900400042,1.0545009719983882
