,experiment,total_time,alg_time,nr_of_hits,nr_of_evaluations,rss,uss,x1,x2,score
0,,1.0048940181732178,0.9905295372009277,0,100,99061760,65785856,0.07807143190000021,-0.6699780405999999,-1.0175466198791747
