,experiment,total_time,alg_time,nr_of_hits,nr_of_evaluations,rss,uss,x1,x2,score
0,,0.33951234817504883,0.3235599994659424,0,100,71000064,64823296,0.1102000000000003,-0.7749999999999999,-0.996636383694069
