,experiment,total_time,alg_time,nr_of_hits,nr_of_evaluations,rss,uss,x1,x2,x3,x4,x5,x6,x7,x8,x9,x10,score
0,,84.18680691719055,83.06039214134216,0,10000,98598912,95485952,-0.9679597115999679,14.283868756499926,-1.2230206611000494,-2.4744722933000034,-13.141123564299942,-16.05816865110002,2.431803004599969,0.12838881259999724,-3.1110732400999392,0.604172087999892,0.9743311370314349
