,experiment,total_time,alg_time,nr_of_hits,nr_of_evaluations,rss,uss,x1,x2,score
0,,1.086879014968872,1.0737252235412598,0,100,98603008,65814528,-0.13839172789999996,0.7040174966,-1.0215130583075218
