,experiment,total_time,alg_time,nr_of_hits,nr_of_evaluations,rss,uss,x1,x2,score
0,,0.954843282699585,0.941455602645874,0,100,98914304,65753088,0.09185341099999994,-0.7317330002,-1.0285912193468458
