,experiment,total_time,alg_time,nr_of_hits,nr_of_evaluations,rss,uss,x1,x2,score
0,,0.7140288352966309,0.703505277633667,0,100,97665024,94621696,-0.04939675109999998,0.7458381803999998,-1.014427006475524
