,experiment,total_time,alg_time,nr_of_hits,nr_of_evaluations,rss,uss,x1,x2,x3,x4,x5,x6,x7,x8,x9,x10,score
0,,50.451411724090576,48.973594188690186,0,10000,70909952,38940672,60,-40,0,80,140,260,-120,40,-20,0,29.797165588262214
