,experiment,total_time,alg_time,nr_of_hits,nr_of_evaluations,rss,uss,x1,x2,score
0,,0.24534225463867188,0.23326444625854492,0,100,70557696,67342336,0.023700000000000276,0.5769000000000002,-0.8722762164768793
