,experiment,total_time,alg_time,nr_of_hits,nr_of_evaluations,rss,uss,x1,x2,score
0,,0.909663200378418,0.894608736038208,0,100,98340864,65454080,-0.15475764699999991,0.7416464698000003,-1.0101599235682381
