,experiment,total_time,alg_time,nr_of_hits,nr_of_evaluations,rss,uss,x1,x2,score
0,,1.1725668907165527,1.1575989723205566,0,100,98611200,65802240,0.03372141329999967,-0.7057511575999997,-1.0192384330252353
