,experiment,total_time,alg_time,nr_of_hits,nr_of_evaluations,rss,uss,x1,x2,score
0,,0.9085226058959961,0.8960535526275635,0,100,98496512,65511424,-0.21433915719999996,0.7861857313999998,-0.9333661230470344
