,experiment,total_time,alg_time,nr_of_hits,nr_of_evaluations,rss,uss,x1,x2,x3,x4,x5,x6,x7,x8,x9,x10,score
0,,159.43168210983276,158.01981043815613,0,10000,98574336,66310144,-0.4273210656000259,20.6048539944001,17.323324691400025,-11.212951463499955,1.2238156043999169,-2.1609769670999306,1.0024233920998438,7.873433510600021,10.664193369899921,4.144082894800036,1.1805551075330187
